sample	stage	tissue	rs1419114_A>G_genotype	gene	start	end	mean_reads_per_exon	mean_reads_per_base	total_reads
Bone_marrow_erythroblast_rep0	adult	bone_marrow	A/G	ATP2B4	203595688	203713209	292.2608695652174	1.2801408264821583	18258608
Bone_marrow_erythroblast_rep1	adult	bone_marrow	G/G	ATP2B4	203595688	203713209	336.82608695652175	1.4951672873297126	14880879
Bone_marrow_erythroblast_rep10	adult	bone_marrow	G/G	ATP2B4	203595688	203713209	674.4347826086956	3.010172453673726	16650764
Bone_marrow_erythroblast_rep11	adult	bone_marrow	A/G	ATP2B4	203595688	203713209	291.7826086956522	1.2770942891250008	16902093
Bone_marrow_erythroblast_rep2	adult	bone_marrow	A/G	ATP2B4	203595688	203713209	181.60869565217394	0.7967586380704111	23814540
Bone_marrow_erythroblast_rep3	adult	bone_marrow	G/G	ATP2B4	203595688	203713209	411.95652173913044	1.7641381650118622	14894817
Bone_marrow_erythroblast_rep4	adult	bone_marrow	A/G	ATP2B4	203595688	203713209	189.08695652173913	0.763756137487599	11106385
Bone_marrow_erythroblast_rep5	adult	bone_marrow	A/G	ATP2B4	203595688	203713209	240.65217391304347	1.0237209591078271	11512387
Bone_marrow_erythroblast_rep6	adult	bone_marrow	A/A	ATP2B4	203595688	203713209	231.52173913043478	0.9657456708761505	16213392
Bone_marrow_erythroblast_rep7	adult	bone_marrow	A/G	ATP2B4	203595688	203713209	405.82608695652175	1.7161964143961004	17814229
Bone_marrow_erythroblast_rep8	adult	bone_marrow	G/G	ATP2B4	203595688	203713209	463.82608695652175	1.9745587231982107	15777429
Bone_marrow_erythroblast_rep9	adult	bone_marrow	G/G	ATP2B4	203595688	203713209	469.82608695652175	2.038023433698555	13943765
Fetal_liver_erythroblast_rep0	fetal	liver	G/G	ATP2B4	203595688	203713209	178.78260869565216	0.8132382355319113	14614360
Fetal_liver_erythroblast_rep1	fetal	liver	G/G	ATP2B4	203595688	203713209	255	1.1217155537342145	21764781
Fetal_liver_erythroblast_rep10	fetal	liver	A/G	ATP2B4	203595688	203713209	205.30434782608694	0.9019464874930129	17278273
Fetal_liver_erythroblast_rep11	fetal	liver	G/G	ATP2B4	203595688	203713209	292.9130434782609	1.2227380737863847	20060987
Fetal_liver_erythroblast_rep2	fetal	liver	G/G	ATP2B4	203595688	203713209	164.82608695652175	0.728389520476564	17145984
Fetal_liver_erythroblast_rep3	fetal	liver	G/G	ATP2B4	203595688	203713209	423.5652173913043	1.8803631537267746	25585290
Fetal_liver_erythroblast_rep4	fetal	liver	G/G	ATP2B4	203595688	203713209	171.39130434782606	0.7056302490075264	16871355
Fetal_liver_erythroblast_rep5	fetal	liver	G/G	ATP2B4	203595688	203713209	398.5217391304348	1.745580279630363	20986762
Fetal_liver_erythroblast_rep6	fetal	liver	A/G	ATP2B4	203595688	203713209	312	1.2859465598895816	21114548
Fetal_liver_erythroblast_rep7	fetal	liver	G/G	ATP2B4	203595688	203713209	288.30434782608694	1.2810349814102073	18341826
Fetal_liver_erythroblast_rep8	fetal	liver	G/G	ATP2B4	203595688	203713209	424.2608695652174	1.8813663290090816	15389667
Fetal_liver_erythroblast_rep9	fetal	liver	G/G	ATP2B4	203595688	203713209	344.04347826086956	1.5151414170059527	13528723
