sample	stage	tissue	gene	exon	chromosome	start	length	end	zero	strand	exon_read_count	total_reads	reads_per_base
Bone_marrow_erythroblast_rep0	adult	bone_marrow	ATP2B4	ENST00000357681.5_exon	chr1	203595688	659	203596347	0	+	29	18258608	0.04400606980273141
Bone_marrow_erythroblast_rep0	adult	bone_marrow	ATP2B4	ENST00000357681.5_exon_1	chr1	203651869	657	203652526	0	+	646	18258608	0.9832572298325722
Bone_marrow_erythroblast_rep0	adult	bone_marrow	ATP2B4	ENST00000357681.5_exon_2	chr1	203667284	198	203667482	0	+	252	18258608	1.2727272727272727
Bone_marrow_erythroblast_rep0	adult	bone_marrow	ATP2B4	ENST00000357681.5_exon_3	chr1	203668587	258	203668845	0	+	322	18258608	1.248062015503876
Bone_marrow_erythroblast_rep0	adult	bone_marrow	ATP2B4	ENST00000357681.5_exon_4	chr1	203669333	126	203669459	0	+	172	18258608	1.3650793650793651
Bone_marrow_erythroblast_rep0	adult	bone_marrow	ATP2B4	ENST00000357681.5_exon_5	chr1	203669925	126	203670051	0	+	208	18258608	1.6507936507936507
Bone_marrow_erythroblast_rep0	adult	bone_marrow	ATP2B4	ENST00000357681.5_exon_6	chr1	203671171	36	203671207	0	+	168	18258608	4.666666666666667
Bone_marrow_erythroblast_rep0	adult	bone_marrow	ATP2B4	ENST00000357681.5_exon_7	chr1	203672779	162	203672941	0	+	251	18258608	1.5493827160493827
Bone_marrow_erythroblast_rep0	adult	bone_marrow	ATP2B4	ENST00000357681.5_exon_8	chr1	203676136	215	203676351	0	+	255	18258608	1.186046511627907
Bone_marrow_erythroblast_rep0	adult	bone_marrow	ATP2B4	ENST00000357681.5_exon_9	chr1	203676989	243	203677232	0	+	288	18258608	1.1851851851851851
Bone_marrow_erythroblast_rep0	adult	bone_marrow	ATP2B4	ENST00000357681.5_exon_10	chr1	203678428	242	203678670	0	+	274	18258608	1.1322314049586777
Bone_marrow_erythroblast_rep0	adult	bone_marrow	ATP2B4	ENST00000357681.5_exon_11	chr1	203680004	232	203680236	0	+	324	18258608	1.396551724137931
Bone_marrow_erythroblast_rep0	adult	bone_marrow	ATP2B4	ENST00000357681.5_exon_12	chr1	203681087	180	203681267	0	+	241	18258608	1.3388888888888888
Bone_marrow_erythroblast_rep0	adult	bone_marrow	ATP2B4	ENST00000357681.5_exon_13	chr1	203682292	88	203682380	0	+	163	18258608	1.8522727272727273
Bone_marrow_erythroblast_rep0	adult	bone_marrow	ATP2B4	ENST00000357681.5_exon_14	chr1	203683298	107	203683405	0	+	183	18258608	1.7102803738317758
Bone_marrow_erythroblast_rep0	adult	bone_marrow	ATP2B4	ENST00000357681.5_exon_15	chr1	203689676	192	203689868	0	+	215	18258608	1.1197916666666667
Bone_marrow_erythroblast_rep0	adult	bone_marrow	ATP2B4	ENST00000357681.5_exon_16	chr1	203690324	214	203690538	0	+	181	18258608	0.8457943925233645
Bone_marrow_erythroblast_rep0	adult	bone_marrow	ATP2B4	ENST00000357681.5_exon_17	chr1	203691605	212	203691817	0	+	212	18258608	1
Bone_marrow_erythroblast_rep0	adult	bone_marrow	ATP2B4	ENST00000357681.5_exon_18	chr1	203693008	108	203693116	0	+	158	18258608	1.462962962962963
Bone_marrow_erythroblast_rep0	adult	bone_marrow	ATP2B4	ENST00000357681.5_exon_19	chr1	203696522	177	203696699	0	+	216	18258608	1.2203389830508475
Bone_marrow_erythroblast_rep0	adult	bone_marrow	ATP2B4	ENST00000357681.5_exon_20	chr1	203708673	4536	203713209	0	+	1795	18258608	0.3957231040564374
Bone_marrow_erythroblast_rep0	adult	bone_marrow	ATP2B4	alternative_exon_1	chr1	203651123	243	203651366	0	+	88	18258608	0.36213991769547327
Bone_marrow_erythroblast_rep0	adult	bone_marrow	ATP2B4	ENST00000367218.3_exon_20	chr1	203702350	178	203702528	0	+	81	18258608	0.4550561797752809
Bone_marrow_erythroblast_rep10	adult	bone_marrow	ATP2B4	ENST00000357681.5_exon	chr1	203595688	659	203596347	0	+	15	16650764	0.02276176024279211
Bone_marrow_erythroblast_rep10	adult	bone_marrow	ATP2B4	ENST00000357681.5_exon_1	chr1	203651869	657	203652526	0	+	1820	16650764	2.7701674277016743
Bone_marrow_erythroblast_rep10	adult	bone_marrow	ATP2B4	ENST00000357681.5_exon_2	chr1	203667284	198	203667482	0	+	681	16650764	3.4393939393939394
Bone_marrow_erythroblast_rep10	adult	bone_marrow	ATP2B4	ENST00000357681.5_exon_3	chr1	203668587	258	203668845	0	+	800	16650764	3.10077519379845
Bone_marrow_erythroblast_rep10	adult	bone_marrow	ATP2B4	ENST00000357681.5_exon_4	chr1	203669333	126	203669459	0	+	509	16650764	4.0396825396825395
Bone_marrow_erythroblast_rep10	adult	bone_marrow	ATP2B4	ENST00000357681.5_exon_5	chr1	203669925	126	203670051	0	+	517	16650764	4.103174603174603
Bone_marrow_erythroblast_rep10	adult	bone_marrow	ATP2B4	ENST00000357681.5_exon_6	chr1	203671171	36	203671207	0	+	363	16650764	10.083333333333334
Bone_marrow_erythroblast_rep10	adult	bone_marrow	ATP2B4	ENST00000357681.5_exon_7	chr1	203672779	162	203672941	0	+	544	16650764	3.3580246913580245
Bone_marrow_erythroblast_rep10	adult	bone_marrow	ATP2B4	ENST00000357681.5_exon_8	chr1	203676136	215	203676351	0	+	531	16650764	2.469767441860465
Bone_marrow_erythroblast_rep10	adult	bone_marrow	ATP2B4	ENST00000357681.5_exon_9	chr1	203676989	243	203677232	0	+	782	16650764	3.2181069958847734
Bone_marrow_erythroblast_rep10	adult	bone_marrow	ATP2B4	ENST00000357681.5_exon_10	chr1	203678428	242	203678670	0	+	684	16650764	2.8264462809917354
Bone_marrow_erythroblast_rep10	adult	bone_marrow	ATP2B4	ENST00000357681.5_exon_11	chr1	203680004	232	203680236	0	+	685	16650764	2.9525862068965516
Bone_marrow_erythroblast_rep10	adult	bone_marrow	ATP2B4	ENST00000357681.5_exon_12	chr1	203681087	180	203681267	0	+	535	16650764	2.9722222222222223
Bone_marrow_erythroblast_rep10	adult	bone_marrow	ATP2B4	ENST00000357681.5_exon_13	chr1	203682292	88	203682380	0	+	344	16650764	3.909090909090909
Bone_marrow_erythroblast_rep10	adult	bone_marrow	ATP2B4	ENST00000357681.5_exon_14	chr1	203683298	107	203683405	0	+	389	16650764	3.635514018691589
Bone_marrow_erythroblast_rep10	adult	bone_marrow	ATP2B4	ENST00000357681.5_exon_15	chr1	203689676	192	203689868	0	+	501	16650764	2.609375
Bone_marrow_erythroblast_rep10	adult	bone_marrow	ATP2B4	ENST00000357681.5_exon_16	chr1	203690324	214	203690538	0	+	503	16650764	2.350467289719626
Bone_marrow_erythroblast_rep10	adult	bone_marrow	ATP2B4	ENST00000357681.5_exon_17	chr1	203691605	212	203691817	0	+	506	16650764	2.3867924528301887
Bone_marrow_erythroblast_rep10	adult	bone_marrow	ATP2B4	ENST00000357681.5_exon_18	chr1	203693008	108	203693116	0	+	350	16650764	3.240740740740741
Bone_marrow_erythroblast_rep10	adult	bone_marrow	ATP2B4	ENST00000357681.5_exon_19	chr1	203696522	177	203696699	0	+	505	16650764	2.853107344632768
Bone_marrow_erythroblast_rep10	adult	bone_marrow	ATP2B4	ENST00000357681.5_exon_20	chr1	203708673	4536	203713209	0	+	3484	16650764	0.7680776014109347
Bone_marrow_erythroblast_rep10	adult	bone_marrow	ATP2B4	alternative_exon_1	chr1	203651123	243	203651366	0	+	321	16650764	1.3209876543209877
Bone_marrow_erythroblast_rep10	adult	bone_marrow	ATP2B4	ENST00000367218.3_exon_20	chr1	203702350	178	203702528	0	+	143	16650764	0.8033707865168539
Bone_marrow_erythroblast_rep11	adult	bone_marrow	ATP2B4	ENST00000357681.5_exon	chr1	203595688	659	203596347	0	+	7	16902093	0.010622154779969651
Bone_marrow_erythroblast_rep11	adult	bone_marrow	ATP2B4	ENST00000357681.5_exon_1	chr1	203651869	657	203652526	0	+	705	16902093	1.0730593607305936
Bone_marrow_erythroblast_rep11	adult	bone_marrow	ATP2B4	ENST00000357681.5_exon_2	chr1	203667284	198	203667482	0	+	319	16902093	1.6111111111111112
Bone_marrow_erythroblast_rep11	adult	bone_marrow	ATP2B4	ENST00000357681.5_exon_3	chr1	203668587	258	203668845	0	+	339	16902093	1.313953488372093
Bone_marrow_erythroblast_rep11	adult	bone_marrow	ATP2B4	ENST00000357681.5_exon_4	chr1	203669333	126	203669459	0	+	207	16902093	1.6428571428571428
Bone_marrow_erythroblast_rep11	adult	bone_marrow	ATP2B4	ENST00000357681.5_exon_5	chr1	203669925	126	203670051	0	+	216	16902093	1.7142857142857142
Bone_marrow_erythroblast_rep11	adult	bone_marrow	ATP2B4	ENST00000357681.5_exon_6	chr1	203671171	36	203671207	0	+	137	16902093	3.8055555555555554
Bone_marrow_erythroblast_rep11	adult	bone_marrow	ATP2B4	ENST00000357681.5_exon_7	chr1	203672779	162	203672941	0	+	208	16902093	1.2839506172839505
Bone_marrow_erythroblast_rep11	adult	bone_marrow	ATP2B4	ENST00000357681.5_exon_8	chr1	203676136	215	203676351	0	+	252	16902093	1.172093023255814
Bone_marrow_erythroblast_rep11	adult	bone_marrow	ATP2B4	ENST00000357681.5_exon_9	chr1	203676989	243	203677232	0	+	328	16902093	1.3497942386831276
Bone_marrow_erythroblast_rep11	adult	bone_marrow	ATP2B4	ENST00000357681.5_exon_10	chr1	203678428	242	203678670	0	+	267	16902093	1.103305785123967
Bone_marrow_erythroblast_rep11	adult	bone_marrow	ATP2B4	ENST00000357681.5_exon_11	chr1	203680004	232	203680236	0	+	267	16902093	1.1508620689655173
Bone_marrow_erythroblast_rep11	adult	bone_marrow	ATP2B4	ENST00000357681.5_exon_12	chr1	203681087	180	203681267	0	+	230	16902093	1.2777777777777777
Bone_marrow_erythroblast_rep11	adult	bone_marrow	ATP2B4	ENST00000357681.5_exon_13	chr1	203682292	88	203682380	0	+	173	16902093	1.9659090909090908
Bone_marrow_erythroblast_rep11	adult	bone_marrow	ATP2B4	ENST00000357681.5_exon_14	chr1	203683298	107	203683405	0	+	204	16902093	1.9065420560747663
Bone_marrow_erythroblast_rep11	adult	bone_marrow	ATP2B4	ENST00000357681.5_exon_15	chr1	203689676	192	203689868	0	+	253	16902093	1.3177083333333333
Bone_marrow_erythroblast_rep11	adult	bone_marrow	ATP2B4	ENST00000357681.5_exon_16	chr1	203690324	214	203690538	0	+	214	16902093	1
Bone_marrow_erythroblast_rep11	adult	bone_marrow	ATP2B4	ENST00000357681.5_exon_17	chr1	203691605	212	203691817	0	+	182	16902093	0.8584905660377359
Bone_marrow_erythroblast_rep11	adult	bone_marrow	ATP2B4	ENST00000357681.5_exon_18	chr1	203693008	108	203693116	0	+	141	16902093	1.3055555555555556
Bone_marrow_erythroblast_rep11	adult	bone_marrow	ATP2B4	ENST00000357681.5_exon_19	chr1	203696522	177	203696699	0	+	216	16902093	1.2203389830508475
Bone_marrow_erythroblast_rep11	adult	bone_marrow	ATP2B4	ENST00000357681.5_exon_20	chr1	203708673	4536	203713209	0	+	1653	16902093	0.3644179894179894
Bone_marrow_erythroblast_rep11	adult	bone_marrow	ATP2B4	alternative_exon_1	chr1	203651123	243	203651366	0	+	106	16902093	0.43621399176954734
Bone_marrow_erythroblast_rep11	adult	bone_marrow	ATP2B4	ENST00000367218.3_exon_20	chr1	203702350	178	203702528	0	+	87	16902093	0.4887640449438202
Bone_marrow_erythroblast_rep1	adult	bone_marrow	ATP2B4	ENST00000357681.5_exon	chr1	203595688	659	203596347	0	+	10	14880879	0.015174506828528073
Bone_marrow_erythroblast_rep1	adult	bone_marrow	ATP2B4	ENST00000357681.5_exon_1	chr1	203651869	657	203652526	0	+	892	14880879	1.3576864535768645
Bone_marrow_erythroblast_rep1	adult	bone_marrow	ATP2B4	ENST00000357681.5_exon_2	chr1	203667284	198	203667482	0	+	322	14880879	1.6262626262626263
Bone_marrow_erythroblast_rep1	adult	bone_marrow	ATP2B4	ENST00000357681.5_exon_3	chr1	203668587	258	203668845	0	+	370	14880879	1.434108527131783
Bone_marrow_erythroblast_rep1	adult	bone_marrow	ATP2B4	ENST00000357681.5_exon_4	chr1	203669333	126	203669459	0	+	213	14880879	1.6904761904761905
Bone_marrow_erythroblast_rep1	adult	bone_marrow	ATP2B4	ENST00000357681.5_exon_5	chr1	203669925	126	203670051	0	+	274	14880879	2.1746031746031744
Bone_marrow_erythroblast_rep1	adult	bone_marrow	ATP2B4	ENST00000357681.5_exon_6	chr1	203671171	36	203671207	0	+	204	14880879	5.666666666666667
Bone_marrow_erythroblast_rep1	adult	bone_marrow	ATP2B4	ENST00000357681.5_exon_7	chr1	203672779	162	203672941	0	+	279	14880879	1.7222222222222223
Bone_marrow_erythroblast_rep1	adult	bone_marrow	ATP2B4	ENST00000357681.5_exon_8	chr1	203676136	215	203676351	0	+	238	14880879	1.1069767441860465
Bone_marrow_erythroblast_rep1	adult	bone_marrow	ATP2B4	ENST00000357681.5_exon_9	chr1	203676989	243	203677232	0	+	363	14880879	1.4938271604938271
Bone_marrow_erythroblast_rep1	adult	bone_marrow	ATP2B4	ENST00000357681.5_exon_10	chr1	203678428	242	203678670	0	+	354	14880879	1.462809917355372
Bone_marrow_erythroblast_rep1	adult	bone_marrow	ATP2B4	ENST00000357681.5_exon_11	chr1	203680004	232	203680236	0	+	352	14880879	1.5172413793103448
Bone_marrow_erythroblast_rep1	adult	bone_marrow	ATP2B4	ENST00000357681.5_exon_12	chr1	203681087	180	203681267	0	+	259	14880879	1.4388888888888889
Bone_marrow_erythroblast_rep1	adult	bone_marrow	ATP2B4	ENST00000357681.5_exon_13	chr1	203682292	88	203682380	0	+	197	14880879	2.2386363636363638
Bone_marrow_erythroblast_rep1	adult	bone_marrow	ATP2B4	ENST00000357681.5_exon_14	chr1	203683298	107	203683405	0	+	196	14880879	1.8317757009345794
Bone_marrow_erythroblast_rep1	adult	bone_marrow	ATP2B4	ENST00000357681.5_exon_15	chr1	203689676	192	203689868	0	+	228	14880879	1.1875
Bone_marrow_erythroblast_rep1	adult	bone_marrow	ATP2B4	ENST00000357681.5_exon_16	chr1	203690324	214	203690538	0	+	227	14880879	1.060747663551402
Bone_marrow_erythroblast_rep1	adult	bone_marrow	ATP2B4	ENST00000357681.5_exon_17	chr1	203691605	212	203691817	0	+	234	14880879	1.1037735849056605
Bone_marrow_erythroblast_rep1	adult	bone_marrow	ATP2B4	ENST00000357681.5_exon_18	chr1	203693008	108	203693116	0	+	146	14880879	1.3518518518518519
Bone_marrow_erythroblast_rep1	adult	bone_marrow	ATP2B4	ENST00000357681.5_exon_19	chr1	203696522	177	203696699	0	+	227	14880879	1.2824858757062148
Bone_marrow_erythroblast_rep1	adult	bone_marrow	ATP2B4	ENST00000357681.5_exon_20	chr1	203708673	4536	203713209	0	+	1903	14880879	0.4195326278659612
Bone_marrow_erythroblast_rep1	adult	bone_marrow	ATP2B4	alternative_exon_1	chr1	203651123	243	203651366	0	+	166	14880879	0.6831275720164609
Bone_marrow_erythroblast_rep1	adult	bone_marrow	ATP2B4	ENST00000367218.3_exon_20	chr1	203702350	178	203702528	0	+	93	14880879	0.5224719101123596
Bone_marrow_erythroblast_rep2	adult	bone_marrow	ATP2B4	ENST00000357681.5_exon	chr1	203595688	659	203596347	0	+	43	23814540	0.06525037936267071
Bone_marrow_erythroblast_rep2	adult	bone_marrow	ATP2B4	ENST00000357681.5_exon_1	chr1	203651869	657	203652526	0	+	404	23814540	0.6149162861491628
Bone_marrow_erythroblast_rep2	adult	bone_marrow	ATP2B4	ENST00000357681.5_exon_2	chr1	203667284	198	203667482	0	+	157	23814540	0.7929292929292929
Bone_marrow_erythroblast_rep2	adult	bone_marrow	ATP2B4	ENST00000357681.5_exon_3	chr1	203668587	258	203668845	0	+	189	23814540	0.7325581395348837
Bone_marrow_erythroblast_rep2	adult	bone_marrow	ATP2B4	ENST00000357681.5_exon_4	chr1	203669333	126	203669459	0	+	132	23814540	1.0476190476190477
Bone_marrow_erythroblast_rep2	adult	bone_marrow	ATP2B4	ENST00000357681.5_exon_5	chr1	203669925	126	203670051	0	+	159	23814540	1.2619047619047619
Bone_marrow_erythroblast_rep2	adult	bone_marrow	ATP2B4	ENST00000357681.5_exon_6	chr1	203671171	36	203671207	0	+	113	23814540	3.138888888888889
Bone_marrow_erythroblast_rep2	adult	bone_marrow	ATP2B4	ENST00000357681.5_exon_7	chr1	203672779	162	203672941	0	+	155	23814540	0.9567901234567902
Bone_marrow_erythroblast_rep2	adult	bone_marrow	ATP2B4	ENST00000357681.5_exon_8	chr1	203676136	215	203676351	0	+	142	23814540	0.6604651162790698
Bone_marrow_erythroblast_rep2	adult	bone_marrow	ATP2B4	ENST00000357681.5_exon_9	chr1	203676989	243	203677232	0	+	154	23814540	0.6337448559670782
Bone_marrow_erythroblast_rep2	adult	bone_marrow	ATP2B4	ENST00000357681.5_exon_10	chr1	203678428	242	203678670	0	+	138	23814540	0.5702479338842975
Bone_marrow_erythroblast_rep2	adult	bone_marrow	ATP2B4	ENST00000357681.5_exon_11	chr1	203680004	232	203680236	0	+	176	23814540	0.7586206896551724
Bone_marrow_erythroblast_rep2	adult	bone_marrow	ATP2B4	ENST00000357681.5_exon_12	chr1	203681087	180	203681267	0	+	133	23814540	0.7388888888888889
Bone_marrow_erythroblast_rep2	adult	bone_marrow	ATP2B4	ENST00000357681.5_exon_13	chr1	203682292	88	203682380	0	+	112	23814540	1.2727272727272727
Bone_marrow_erythroblast_rep2	adult	bone_marrow	ATP2B4	ENST00000357681.5_exon_14	chr1	203683298	107	203683405	0	+	109	23814540	1.0186915887850467
Bone_marrow_erythroblast_rep2	adult	bone_marrow	ATP2B4	ENST00000357681.5_exon_15	chr1	203689676	192	203689868	0	+	134	23814540	0.6979166666666666
Bone_marrow_erythroblast_rep2	adult	bone_marrow	ATP2B4	ENST00000357681.5_exon_16	chr1	203690324	214	203690538	0	+	95	23814540	0.4439252336448598
Bone_marrow_erythroblast_rep2	adult	bone_marrow	ATP2B4	ENST00000357681.5_exon_17	chr1	203691605	212	203691817	0	+	112	23814540	0.5283018867924528
Bone_marrow_erythroblast_rep2	adult	bone_marrow	ATP2B4	ENST00000357681.5_exon_18	chr1	203693008	108	203693116	0	+	76	23814540	0.7037037037037037
Bone_marrow_erythroblast_rep2	adult	bone_marrow	ATP2B4	ENST00000357681.5_exon_19	chr1	203696522	177	203696699	0	+	153	23814540	0.864406779661017
Bone_marrow_erythroblast_rep2	adult	bone_marrow	ATP2B4	ENST00000357681.5_exon_20	chr1	203708673	4536	203713209	0	+	1174	23814540	0.2588183421516755
Bone_marrow_erythroblast_rep2	adult	bone_marrow	ATP2B4	alternative_exon_1	chr1	203651123	243	203651366	0	+	62	23814540	0.2551440329218107
Bone_marrow_erythroblast_rep2	adult	bone_marrow	ATP2B4	ENST00000367218.3_exon_20	chr1	203702350	178	203702528	0	+	55	23814540	0.3089887640449438
Bone_marrow_erythroblast_rep3	adult	bone_marrow	ATP2B4	ENST00000357681.5_exon	chr1	203595688	659	203596347	0	+	13	14894817	0.019726858877086494
Bone_marrow_erythroblast_rep3	adult	bone_marrow	ATP2B4	ENST00000357681.5_exon_1	chr1	203651869	657	203652526	0	+	1021	14894817	1.5540334855403348
Bone_marrow_erythroblast_rep3	adult	bone_marrow	ATP2B4	ENST00000357681.5_exon_2	chr1	203667284	198	203667482	0	+	427	14894817	2.1565656565656566
Bone_marrow_erythroblast_rep3	adult	bone_marrow	ATP2B4	ENST00000357681.5_exon_3	chr1	203668587	258	203668845	0	+	406	14894817	1.573643410852713
Bone_marrow_erythroblast_rep3	adult	bone_marrow	ATP2B4	ENST00000357681.5_exon_4	chr1	203669333	126	203669459	0	+	262	14894817	2.0793650793650795
Bone_marrow_erythroblast_rep3	adult	bone_marrow	ATP2B4	ENST00000357681.5_exon_5	chr1	203669925	126	203670051	0	+	302	14894817	2.3968253968253967
Bone_marrow_erythroblast_rep3	adult	bone_marrow	ATP2B4	ENST00000357681.5_exon_6	chr1	203671171	36	203671207	0	+	213	14894817	5.916666666666667
Bone_marrow_erythroblast_rep3	adult	bone_marrow	ATP2B4	ENST00000357681.5_exon_7	chr1	203672779	162	203672941	0	+	306	14894817	1.8888888888888888
Bone_marrow_erythroblast_rep3	adult	bone_marrow	ATP2B4	ENST00000357681.5_exon_8	chr1	203676136	215	203676351	0	+	320	14894817	1.4883720930232558
Bone_marrow_erythroblast_rep3	adult	bone_marrow	ATP2B4	ENST00000357681.5_exon_9	chr1	203676989	243	203677232	0	+	437	14894817	1.7983539094650205
Bone_marrow_erythroblast_rep3	adult	bone_marrow	ATP2B4	ENST00000357681.5_exon_10	chr1	203678428	242	203678670	0	+	396	14894817	1.6363636363636365
Bone_marrow_erythroblast_rep3	adult	bone_marrow	ATP2B4	ENST00000357681.5_exon_11	chr1	203680004	232	203680236	0	+	391	14894817	1.6853448275862069
Bone_marrow_erythroblast_rep3	adult	bone_marrow	ATP2B4	ENST00000357681.5_exon_12	chr1	203681087	180	203681267	0	+	291	14894817	1.6166666666666667
Bone_marrow_erythroblast_rep3	adult	bone_marrow	ATP2B4	ENST00000357681.5_exon_13	chr1	203682292	88	203682380	0	+	200	14894817	2.272727272727273
Bone_marrow_erythroblast_rep3	adult	bone_marrow	ATP2B4	ENST00000357681.5_exon_14	chr1	203683298	107	203683405	0	+	250	14894817	2.336448598130841
Bone_marrow_erythroblast_rep3	adult	bone_marrow	ATP2B4	ENST00000357681.5_exon_15	chr1	203689676	192	203689868	0	+	289	14894817	1.5052083333333333
Bone_marrow_erythroblast_rep3	adult	bone_marrow	ATP2B4	ENST00000357681.5_exon_16	chr1	203690324	214	203690538	0	+	257	14894817	1.2009345794392523
Bone_marrow_erythroblast_rep3	adult	bone_marrow	ATP2B4	ENST00000357681.5_exon_17	chr1	203691605	212	203691817	0	+	309	14894817	1.4575471698113207
Bone_marrow_erythroblast_rep3	adult	bone_marrow	ATP2B4	ENST00000357681.5_exon_18	chr1	203693008	108	203693116	0	+	233	14894817	2.1574074074074074
Bone_marrow_erythroblast_rep3	adult	bone_marrow	ATP2B4	ENST00000357681.5_exon_19	chr1	203696522	177	203696699	0	+	315	14894817	1.7796610169491525
Bone_marrow_erythroblast_rep3	adult	bone_marrow	ATP2B4	ENST00000357681.5_exon_20	chr1	203708673	4536	203713209	0	+	2511	14894817	0.5535714285714286
Bone_marrow_erythroblast_rep3	adult	bone_marrow	ATP2B4	alternative_exon_1	chr1	203651123	243	203651366	0	+	220	14894817	0.9053497942386831
Bone_marrow_erythroblast_rep3	adult	bone_marrow	ATP2B4	ENST00000367218.3_exon_20	chr1	203702350	178	203702528	0	+	106	14894817	0.5955056179775281
Bone_marrow_erythroblast_rep4	adult	bone_marrow	ATP2B4	ENST00000357681.5_exon	chr1	203595688	659	203596347	0	+	2	11106385	0.0030349013657056147
Bone_marrow_erythroblast_rep4	adult	bone_marrow	ATP2B4	ENST00000357681.5_exon_1	chr1	203651869	657	203652526	0	+	468	11106385	0.7123287671232876
Bone_marrow_erythroblast_rep4	adult	bone_marrow	ATP2B4	ENST00000357681.5_exon_2	chr1	203667284	198	203667482	0	+	169	11106385	0.8535353535353535
Bone_marrow_erythroblast_rep4	adult	bone_marrow	ATP2B4	ENST00000357681.5_exon_3	chr1	203668587	258	203668845	0	+	199	11106385	0.7713178294573644
Bone_marrow_erythroblast_rep4	adult	bone_marrow	ATP2B4	ENST00000357681.5_exon_4	chr1	203669333	126	203669459	0	+	118	11106385	0.9365079365079365
Bone_marrow_erythroblast_rep4	adult	bone_marrow	ATP2B4	ENST00000357681.5_exon_5	chr1	203669925	126	203670051	0	+	139	11106385	1.1031746031746033
Bone_marrow_erythroblast_rep4	adult	bone_marrow	ATP2B4	ENST00000357681.5_exon_6	chr1	203671171	36	203671207	0	+	90	11106385	2.5
Bone_marrow_erythroblast_rep4	adult	bone_marrow	ATP2B4	ENST00000357681.5_exon_7	chr1	203672779	162	203672941	0	+	159	11106385	0.9814814814814815
Bone_marrow_erythroblast_rep4	adult	bone_marrow	ATP2B4	ENST00000357681.5_exon_8	chr1	203676136	215	203676351	0	+	157	11106385	0.7302325581395349
Bone_marrow_erythroblast_rep4	adult	bone_marrow	ATP2B4	ENST00000357681.5_exon_9	chr1	203676989	243	203677232	0	+	169	11106385	0.6954732510288066
Bone_marrow_erythroblast_rep4	adult	bone_marrow	ATP2B4	ENST00000357681.5_exon_10	chr1	203678428	242	203678670	0	+	174	11106385	0.71900826446281
Bone_marrow_erythroblast_rep4	adult	bone_marrow	ATP2B4	ENST00000357681.5_exon_11	chr1	203680004	232	203680236	0	+	183	11106385	0.7887931034482759
Bone_marrow_erythroblast_rep4	adult	bone_marrow	ATP2B4	ENST00000357681.5_exon_12	chr1	203681087	180	203681267	0	+	150	11106385	0.8333333333333334
Bone_marrow_erythroblast_rep4	adult	bone_marrow	ATP2B4	ENST00000357681.5_exon_13	chr1	203682292	88	203682380	0	+	89	11106385	1.0113636363636365
Bone_marrow_erythroblast_rep4	adult	bone_marrow	ATP2B4	ENST00000357681.5_exon_14	chr1	203683298	107	203683405	0	+	107	11106385	1
Bone_marrow_erythroblast_rep4	adult	bone_marrow	ATP2B4	ENST00000357681.5_exon_15	chr1	203689676	192	203689868	0	+	129	11106385	0.671875
Bone_marrow_erythroblast_rep4	adult	bone_marrow	ATP2B4	ENST00000357681.5_exon_16	chr1	203690324	214	203690538	0	+	119	11106385	0.5560747663551402
Bone_marrow_erythroblast_rep4	adult	bone_marrow	ATP2B4	ENST00000357681.5_exon_17	chr1	203691605	212	203691817	0	+	113	11106385	0.53301886792452835
Bone_marrow_erythroblast_rep4	adult	bone_marrow	ATP2B4	ENST00000357681.5_exon_18	chr1	203693008	108	203693116	0	+	78	11106385	0.7222222222222222
Bone_marrow_erythroblast_rep4	adult	bone_marrow	ATP2B4	ENST00000357681.5_exon_19	chr1	203696522	177	203696699	0	+	113	11106385	0.6384180790960452
Bone_marrow_erythroblast_rep4	adult	bone_marrow	ATP2B4	ENST00000357681.5_exon_20	chr1	203708673	4536	203713209	0	+	1316	11106385	0.29012345679012347
Bone_marrow_erythroblast_rep4	adult	bone_marrow	ATP2B4	alternative_exon_1	chr1	203651123	243	203651366	0	+	61	11106385	0.25102880658436216
Bone_marrow_erythroblast_rep4	adult	bone_marrow	ATP2B4	ENST00000367218.3_exon_20	chr1	203702350	178	203702528	0	+	47	11106385	0.2640449438202247
Bone_marrow_erythroblast_rep5	adult	bone_marrow	ATP2B4	ENST00000357681.5_exon	chr1	203595688	659	203596347	0	+	20	11512387	0.030349013657056147
Bone_marrow_erythroblast_rep5	adult	bone_marrow	ATP2B4	ENST00000357681.5_exon_1	chr1	203651869	657	203652526	0	+	614	11512387	0.9345509893455098
Bone_marrow_erythroblast_rep5	adult	bone_marrow	ATP2B4	ENST00000357681.5_exon_2	chr1	203667284	198	203667482	0	+	211	11512387	1.0656565656565657
Bone_marrow_erythroblast_rep5	adult	bone_marrow	ATP2B4	ENST00000357681.5_exon_3	chr1	203668587	258	203668845	0	+	277	11512387	1.073643410852713
Bone_marrow_erythroblast_rep5	adult	bone_marrow	ATP2B4	ENST00000357681.5_exon_4	chr1	203669333	126	203669459	0	+	162	11512387	1.2857142857142858
Bone_marrow_erythroblast_rep5	adult	bone_marrow	ATP2B4	ENST00000357681.5_exon_5	chr1	203669925	126	203670051	0	+	156	11512387	1.2380952380952381
Bone_marrow_erythroblast_rep5	adult	bone_marrow	ATP2B4	ENST00000357681.5_exon_6	chr1	203671171	36	203671207	0	+	137	11512387	3.8055555555555554
Bone_marrow_erythroblast_rep5	adult	bone_marrow	ATP2B4	ENST00000357681.5_exon_7	chr1	203672779	162	203672941	0	+	185	11512387	1.1419753086419753
Bone_marrow_erythroblast_rep5	adult	bone_marrow	ATP2B4	ENST00000357681.5_exon_8	chr1	203676136	215	203676351	0	+	199	11512387	0.9255813953488372
Bone_marrow_erythroblast_rep5	adult	bone_marrow	ATP2B4	ENST00000357681.5_exon_9	chr1	203676989	243	203677232	0	+	271	11512387	1.1152263374485596
Bone_marrow_erythroblast_rep5	adult	bone_marrow	ATP2B4	ENST00000357681.5_exon_10	chr1	203678428	242	203678670	0	+	249	11512387	1.0289256198347108
Bone_marrow_erythroblast_rep5	adult	bone_marrow	ATP2B4	ENST00000357681.5_exon_11	chr1	203680004	232	203680236	0	+	262	11512387	1.1293103448275863
Bone_marrow_erythroblast_rep5	adult	bone_marrow	ATP2B4	ENST00000357681.5_exon_12	chr1	203681087	180	203681267	0	+	197	11512387	1.0944444444444446
Bone_marrow_erythroblast_rep5	adult	bone_marrow	ATP2B4	ENST00000357681.5_exon_13	chr1	203682292	88	203682380	0	+	114	11512387	1.2954545454545454
Bone_marrow_erythroblast_rep5	adult	bone_marrow	ATP2B4	ENST00000357681.5_exon_14	chr1	203683298	107	203683405	0	+	137	11512387	1.280373831775701
Bone_marrow_erythroblast_rep5	adult	bone_marrow	ATP2B4	ENST00000357681.5_exon_15	chr1	203689676	192	203689868	0	+	161	11512387	0.8385416666666666
Bone_marrow_erythroblast_rep5	adult	bone_marrow	ATP2B4	ENST00000357681.5_exon_16	chr1	203690324	214	203690538	0	+	159	11512387	0.7429906542056075
Bone_marrow_erythroblast_rep5	adult	bone_marrow	ATP2B4	ENST00000357681.5_exon_17	chr1	203691605	212	203691817	0	+	139	11512387	0.6556603773584906
Bone_marrow_erythroblast_rep5	adult	bone_marrow	ATP2B4	ENST00000357681.5_exon_18	chr1	203693008	108	203693116	0	+	97	11512387	0.8981481481481481
Bone_marrow_erythroblast_rep5	adult	bone_marrow	ATP2B4	ENST00000357681.5_exon_19	chr1	203696522	177	203696699	0	+	151	11512387	0.8531073446327684
Bone_marrow_erythroblast_rep5	adult	bone_marrow	ATP2B4	ENST00000357681.5_exon_20	chr1	203708673	4536	203713209	0	+	1468	11512387	0.3236331569664903
Bone_marrow_erythroblast_rep5	adult	bone_marrow	ATP2B4	alternative_exon_1	chr1	203651123	243	203651366	0	+	107	11512387	0.4403292181069959
Bone_marrow_erythroblast_rep5	adult	bone_marrow	ATP2B4	ENST00000367218.3_exon_20	chr1	203702350	178	203702528	0	+	62	11512387	0.34831460674157305
Bone_marrow_erythroblast_rep6	adult	bone_marrow	ATP2B4	ENST00000357681.5_exon	chr1	203595688	659	203596347	0	+	26	16213392	0.03945371775417299
Bone_marrow_erythroblast_rep6	adult	bone_marrow	ATP2B4	ENST00000357681.5_exon_1	chr1	203651869	657	203652526	0	+	683	16213392	1.0395738203957383
Bone_marrow_erythroblast_rep6	adult	bone_marrow	ATP2B4	ENST00000357681.5_exon_2	chr1	203667284	198	203667482	0	+	203	16213392	1.0252525252525253
Bone_marrow_erythroblast_rep6	adult	bone_marrow	ATP2B4	ENST00000357681.5_exon_3	chr1	203668587	258	203668845	0	+	278	16213392	1.0775193798449612
Bone_marrow_erythroblast_rep6	adult	bone_marrow	ATP2B4	ENST00000357681.5_exon_4	chr1	203669333	126	203669459	0	+	203	16213392	1.6111111111111112
Bone_marrow_erythroblast_rep6	adult	bone_marrow	ATP2B4	ENST00000357681.5_exon_5	chr1	203669925	126	203670051	0	+	173	16213392	1.373015873015873
Bone_marrow_erythroblast_rep6	adult	bone_marrow	ATP2B4	ENST00000357681.5_exon_6	chr1	203671171	36	203671207	0	+	99	16213392	2.75
Bone_marrow_erythroblast_rep6	adult	bone_marrow	ATP2B4	ENST00000357681.5_exon_7	chr1	203672779	162	203672941	0	+	186	16213392	1.1481481481481481
Bone_marrow_erythroblast_rep6	adult	bone_marrow	ATP2B4	ENST00000357681.5_exon_8	chr1	203676136	215	203676351	0	+	173	16213392	0.8046511627906977
Bone_marrow_erythroblast_rep6	adult	bone_marrow	ATP2B4	ENST00000357681.5_exon_9	chr1	203676989	243	203677232	0	+	212	16213392	0.8724279835390947
Bone_marrow_erythroblast_rep6	adult	bone_marrow	ATP2B4	ENST00000357681.5_exon_10	chr1	203678428	242	203678670	0	+	168	16213392	0.6942148760330579
Bone_marrow_erythroblast_rep6	adult	bone_marrow	ATP2B4	ENST00000357681.5_exon_11	chr1	203680004	232	203680236	0	+	173	16213392	0.7456896551724138
Bone_marrow_erythroblast_rep6	adult	bone_marrow	ATP2B4	ENST00000357681.5_exon_12	chr1	203681087	180	203681267	0	+	187	16213392	1.038888888888889
Bone_marrow_erythroblast_rep6	adult	bone_marrow	ATP2B4	ENST00000357681.5_exon_13	chr1	203682292	88	203682380	0	+	102	16213392	1.1590909090909092
Bone_marrow_erythroblast_rep6	adult	bone_marrow	ATP2B4	ENST00000357681.5_exon_14	chr1	203683298	107	203683405	0	+	126	16213392	1.1775700934579438
Bone_marrow_erythroblast_rep6	adult	bone_marrow	ATP2B4	ENST00000357681.5_exon_15	chr1	203689676	192	203689868	0	+	192	16213392	1
Bone_marrow_erythroblast_rep6	adult	bone_marrow	ATP2B4	ENST00000357681.5_exon_16	chr1	203690324	214	203690538	0	+	168	16213392	0.7850467289719626
Bone_marrow_erythroblast_rep6	adult	bone_marrow	ATP2B4	ENST00000357681.5_exon_17	chr1	203691605	212	203691817	0	+	162	16213392	0.7641509433962265
Bone_marrow_erythroblast_rep6	adult	bone_marrow	ATP2B4	ENST00000357681.5_exon_18	chr1	203693008	108	203693116	0	+	98	16213392	0.9074074074074074
Bone_marrow_erythroblast_rep6	adult	bone_marrow	ATP2B4	ENST00000357681.5_exon_19	chr1	203696522	177	203696699	0	+	173	16213392	0.9774011299435028
Bone_marrow_erythroblast_rep6	adult	bone_marrow	ATP2B4	ENST00000357681.5_exon_20	chr1	203708673	4536	203713209	0	+	1339	16213392	0.2951940035273369
Bone_marrow_erythroblast_rep6	adult	bone_marrow	ATP2B4	alternative_exon_1	chr1	203651123	243	203651366	0	+	135	16213392	0.5555555555555556
Bone_marrow_erythroblast_rep6	adult	bone_marrow	ATP2B4	ENST00000367218.3_exon_20	chr1	203702350	178	203702528	0	+	66	16213392	0.3707865168539326
Bone_marrow_erythroblast_rep7	adult	bone_marrow	ATP2B4	ENST00000357681.5_exon	chr1	203595688	659	203596347	0	+	6	17814229	0.009104704097116844
Bone_marrow_erythroblast_rep7	adult	bone_marrow	ATP2B4	ENST00000357681.5_exon_1	chr1	203651869	657	203652526	0	+	1020	17814229	1.552511415525114
Bone_marrow_erythroblast_rep7	adult	bone_marrow	ATP2B4	ENST00000357681.5_exon_2	chr1	203667284	198	203667482	0	+	400	17814229	2.0202020202020203
Bone_marrow_erythroblast_rep7	adult	bone_marrow	ATP2B4	ENST00000357681.5_exon_3	chr1	203668587	258	203668845	0	+	437	17814229	1.693798449612403
Bone_marrow_erythroblast_rep7	adult	bone_marrow	ATP2B4	ENST00000357681.5_exon_4	chr1	203669333	126	203669459	0	+	287	17814229	2.2777777777777777
Bone_marrow_erythroblast_rep7	adult	bone_marrow	ATP2B4	ENST00000357681.5_exon_5	chr1	203669925	126	203670051	0	+	316	17814229	2.507936507936508
Bone_marrow_erythroblast_rep7	adult	bone_marrow	ATP2B4	ENST00000357681.5_exon_6	chr1	203671171	36	203671207	0	+	202	17814229	5.611111111111111
Bone_marrow_erythroblast_rep7	adult	bone_marrow	ATP2B4	ENST00000357681.5_exon_7	chr1	203672779	162	203672941	0	+	280	17814229	1.728395061728395
Bone_marrow_erythroblast_rep7	adult	bone_marrow	ATP2B4	ENST00000357681.5_exon_8	chr1	203676136	215	203676351	0	+	303	17814229	1.4093023255813955
Bone_marrow_erythroblast_rep7	adult	bone_marrow	ATP2B4	ENST00000357681.5_exon_9	chr1	203676989	243	203677232	0	+	416	17814229	1.7119341563786008
Bone_marrow_erythroblast_rep7	adult	bone_marrow	ATP2B4	ENST00000357681.5_exon_10	chr1	203678428	242	203678670	0	+	361	17814229	1.4917355371900827
Bone_marrow_erythroblast_rep7	adult	bone_marrow	ATP2B4	ENST00000357681.5_exon_11	chr1	203680004	232	203680236	0	+	422	17814229	1.8189655172413792
Bone_marrow_erythroblast_rep7	adult	bone_marrow	ATP2B4	ENST00000357681.5_exon_12	chr1	203681087	180	203681267	0	+	313	17814229	1.738888888888889
Bone_marrow_erythroblast_rep7	adult	bone_marrow	ATP2B4	ENST00000357681.5_exon_13	chr1	203682292	88	203682380	0	+	203	17814229	2.3068181818181817
Bone_marrow_erythroblast_rep7	adult	bone_marrow	ATP2B4	ENST00000357681.5_exon_14	chr1	203683298	107	203683405	0	+	219	17814229	2.046728971962617
Bone_marrow_erythroblast_rep7	adult	bone_marrow	ATP2B4	ENST00000357681.5_exon_15	chr1	203689676	192	203689868	0	+	277	17814229	1.4427083333333333
Bone_marrow_erythroblast_rep7	adult	bone_marrow	ATP2B4	ENST00000357681.5_exon_16	chr1	203690324	214	203690538	0	+	271	17814229	1.266355140186916
Bone_marrow_erythroblast_rep7	adult	bone_marrow	ATP2B4	ENST00000357681.5_exon_17	chr1	203691605	212	203691817	0	+	314	17814229	1.4811320754716981
Bone_marrow_erythroblast_rep7	adult	bone_marrow	ATP2B4	ENST00000357681.5_exon_18	chr1	203693008	108	203693116	0	+	188	17814229	1.7407407407407407
Bone_marrow_erythroblast_rep7	adult	bone_marrow	ATP2B4	ENST00000357681.5_exon_19	chr1	203696522	177	203696699	0	+	306	17814229	1.728813559322034
Bone_marrow_erythroblast_rep7	adult	bone_marrow	ATP2B4	ENST00000357681.5_exon_20	chr1	203708673	4536	203713209	0	+	2517	17814229	0.5548941798941799
Bone_marrow_erythroblast_rep7	adult	bone_marrow	ATP2B4	alternative_exon_1	chr1	203651123	243	203651366	0	+	145	17814229	0.5967078189300411
Bone_marrow_erythroblast_rep7	adult	bone_marrow	ATP2B4	ENST00000367218.3_exon_20	chr1	203702350	178	203702528	0	+	131	17814229	0.7359550561797753
Bone_marrow_erythroblast_rep8	adult	bone_marrow	ATP2B4	ENST00000357681.5_exon	chr1	203595688	659	203596347	0	+	26	15777429	0.03945371775417299
Bone_marrow_erythroblast_rep8	adult	bone_marrow	ATP2B4	ENST00000357681.5_exon_1	chr1	203651869	657	203652526	0	+	1107	15777429	1.6849315068493151
Bone_marrow_erythroblast_rep8	adult	bone_marrow	ATP2B4	ENST00000357681.5_exon_2	chr1	203667284	198	203667482	0	+	451	15777429	2.2777777777777777
Bone_marrow_erythroblast_rep8	adult	bone_marrow	ATP2B4	ENST00000357681.5_exon_3	chr1	203668587	258	203668845	0	+	470	15777429	1.821705426356589
Bone_marrow_erythroblast_rep8	adult	bone_marrow	ATP2B4	ENST00000357681.5_exon_4	chr1	203669333	126	203669459	0	+	283	15777429	2.246031746031746
Bone_marrow_erythroblast_rep8	adult	bone_marrow	ATP2B4	ENST00000357681.5_exon_5	chr1	203669925	126	203670051	0	+	336	15777429	2.6666666666666665
Bone_marrow_erythroblast_rep8	adult	bone_marrow	ATP2B4	ENST00000357681.5_exon_6	chr1	203671171	36	203671207	0	+	263	15777429	7.305555555555555
Bone_marrow_erythroblast_rep8	adult	bone_marrow	ATP2B4	ENST00000357681.5_exon_7	chr1	203672779	162	203672941	0	+	395	15777429	2.4382716049382718
Bone_marrow_erythroblast_rep8	adult	bone_marrow	ATP2B4	ENST00000357681.5_exon_8	chr1	203676136	215	203676351	0	+	394	15777429	1.8325581395348838
Bone_marrow_erythroblast_rep8	adult	bone_marrow	ATP2B4	ENST00000357681.5_exon_9	chr1	203676989	243	203677232	0	+	473	15777429	1.9465020576131686
Bone_marrow_erythroblast_rep8	adult	bone_marrow	ATP2B4	ENST00000357681.5_exon_10	chr1	203678428	242	203678670	0	+	386	15777429	1.5950413223140496
Bone_marrow_erythroblast_rep8	adult	bone_marrow	ATP2B4	ENST00000357681.5_exon_11	chr1	203680004	232	203680236	0	+	460	15777429	1.9827586206896552
Bone_marrow_erythroblast_rep8	adult	bone_marrow	ATP2B4	ENST00000357681.5_exon_12	chr1	203681087	180	203681267	0	+	338	15777429	1.8777777777777778
Bone_marrow_erythroblast_rep8	adult	bone_marrow	ATP2B4	ENST00000357681.5_exon_13	chr1	203682292	88	203682380	0	+	221	15777429	2.5113636363636362
Bone_marrow_erythroblast_rep8	adult	bone_marrow	ATP2B4	ENST00000357681.5_exon_14	chr1	203683298	107	203683405	0	+	279	15777429	2.607476635514019
Bone_marrow_erythroblast_rep8	adult	bone_marrow	ATP2B4	ENST00000357681.5_exon_15	chr1	203689676	192	203689868	0	+	349	15777429	1.8177083333333333
Bone_marrow_erythroblast_rep8	adult	bone_marrow	ATP2B4	ENST00000357681.5_exon_16	chr1	203690324	214	203690538	0	+	297	15777429	1.3878504672897196
Bone_marrow_erythroblast_rep8	adult	bone_marrow	ATP2B4	ENST00000357681.5_exon_17	chr1	203691605	212	203691817	0	+	311	15777429	1.4669811320754718
Bone_marrow_erythroblast_rep8	adult	bone_marrow	ATP2B4	ENST00000357681.5_exon_18	chr1	203693008	108	203693116	0	+	212	15777429	1.962962962962963
Bone_marrow_erythroblast_rep8	adult	bone_marrow	ATP2B4	ENST00000357681.5_exon_19	chr1	203696522	177	203696699	0	+	324	15777429	1.8305084745762712
Bone_marrow_erythroblast_rep8	adult	bone_marrow	ATP2B4	ENST00000357681.5_exon_20	chr1	203708673	4536	203713209	0	+	2990	15777429	0.6591710758377425
Bone_marrow_erythroblast_rep8	adult	bone_marrow	ATP2B4	alternative_exon_1	chr1	203651123	243	203651366	0	+	164	15777429	0.6748971193415638
Bone_marrow_erythroblast_rep8	adult	bone_marrow	ATP2B4	ENST00000367218.3_exon_20	chr1	203702350	178	203702528	0	+	139	15777429	0.7808988764044944
Bone_marrow_erythroblast_rep9	adult	bone_marrow	ATP2B4	ENST00000357681.5_exon	chr1	203595688	659	203596347	0	+	13	13943765	0.019726858877086494
Bone_marrow_erythroblast_rep9	adult	bone_marrow	ATP2B4	ENST00000357681.5_exon_1	chr1	203651869	657	203652526	0	+	1240	13943765	1.887366818873668
Bone_marrow_erythroblast_rep9	adult	bone_marrow	ATP2B4	ENST00000357681.5_exon_2	chr1	203667284	198	203667482	0	+	494	13943765	2.494949494949495
Bone_marrow_erythroblast_rep9	adult	bone_marrow	ATP2B4	ENST00000357681.5_exon_3	chr1	203668587	258	203668845	0	+	524	13943765	2.0310077519379846
Bone_marrow_erythroblast_rep9	adult	bone_marrow	ATP2B4	ENST00000357681.5_exon_4	chr1	203669333	126	203669459	0	+	308	13943765	2.4444444444444446
Bone_marrow_erythroblast_rep9	adult	bone_marrow	ATP2B4	ENST00000357681.5_exon_5	chr1	203669925	126	203670051	0	+	370	13943765	2.9365079365079363
Bone_marrow_erythroblast_rep9	adult	bone_marrow	ATP2B4	ENST00000357681.5_exon_6	chr1	203671171	36	203671207	0	+	250	13943765	6.944444444444445
Bone_marrow_erythroblast_rep9	adult	bone_marrow	ATP2B4	ENST00000357681.5_exon_7	chr1	203672779	162	203672941	0	+	373	13943765	2.302469135802469
Bone_marrow_erythroblast_rep9	adult	bone_marrow	ATP2B4	ENST00000357681.5_exon_8	chr1	203676136	215	203676351	0	+	394	13943765	1.8325581395348838
Bone_marrow_erythroblast_rep9	adult	bone_marrow	ATP2B4	ENST00000357681.5_exon_9	chr1	203676989	243	203677232	0	+	504	13943765	2.074074074074074
Bone_marrow_erythroblast_rep9	adult	bone_marrow	ATP2B4	ENST00000357681.5_exon_10	chr1	203678428	242	203678670	0	+	450	13943765	1.859504132231405
Bone_marrow_erythroblast_rep9	adult	bone_marrow	ATP2B4	ENST00000357681.5_exon_11	chr1	203680004	232	203680236	0	+	508	13943765	2.189655172413793
Bone_marrow_erythroblast_rep9	adult	bone_marrow	ATP2B4	ENST00000357681.5_exon_12	chr1	203681087	180	203681267	0	+	353	13943765	1.961111111111111
Bone_marrow_erythroblast_rep9	adult	bone_marrow	ATP2B4	ENST00000357681.5_exon_13	chr1	203682292	88	203682380	0	+	230	13943765	2.6136363636363638
Bone_marrow_erythroblast_rep9	adult	bone_marrow	ATP2B4	ENST00000357681.5_exon_14	chr1	203683298	107	203683405	0	+	262	13943765	2.4485981308411215
Bone_marrow_erythroblast_rep9	adult	bone_marrow	ATP2B4	ENST00000357681.5_exon_15	chr1	203689676	192	203689868	0	+	382	13943765	1.9895833333333333
Bone_marrow_erythroblast_rep9	adult	bone_marrow	ATP2B4	ENST00000357681.5_exon_16	chr1	203690324	214	203690538	0	+	334	13943765	1.560747663551402
Bone_marrow_erythroblast_rep9	adult	bone_marrow	ATP2B4	ENST00000357681.5_exon_17	chr1	203691605	212	203691817	0	+	283	13943765	1.3349056603773586
Bone_marrow_erythroblast_rep9	adult	bone_marrow	ATP2B4	ENST00000357681.5_exon_18	chr1	203693008	108	203693116	0	+	225	13943765	2.0833333333333335
Bone_marrow_erythroblast_rep9	adult	bone_marrow	ATP2B4	ENST00000357681.5_exon_19	chr1	203696522	177	203696699	0	+	320	13943765	1.807909604519774
Bone_marrow_erythroblast_rep9	adult	bone_marrow	ATP2B4	ENST00000357681.5_exon_20	chr1	203708673	4536	203713209	0	+	2673	13943765	0.5892857142857143
Bone_marrow_erythroblast_rep9	adult	bone_marrow	ATP2B4	alternative_exon_1	chr1	203651123	243	203651366	0	+	204	13943765	0.8395061728395061
Bone_marrow_erythroblast_rep9	adult	bone_marrow	ATP2B4	ENST00000367218.3_exon_20	chr1	203702350	178	203702528	0	+	112	13943765	0.6292134831460674
Fetal_liver_erythroblast_rep0	fetal	liver	ATP2B4	ENST00000357681.5_exon	chr1	203595688	659	203596347	0	+	25	14614360	0.03793626707132018
Fetal_liver_erythroblast_rep0	fetal	liver	ATP2B4	ENST00000357681.5_exon_1	chr1	203651869	657	203652526	0	+	463	14614360	0.7047184170471842
Fetal_liver_erythroblast_rep0	fetal	liver	ATP2B4	ENST00000357681.5_exon_2	chr1	203667284	198	203667482	0	+	198	14614360	1
Fetal_liver_erythroblast_rep0	fetal	liver	ATP2B4	ENST00000357681.5_exon_3	chr1	203668587	258	203668845	0	+	193	14614360	0.748062015503876
Fetal_liver_erythroblast_rep0	fetal	liver	ATP2B4	ENST00000357681.5_exon_4	chr1	203669333	126	203669459	0	+	121	14614360	0.9603174603174603
Fetal_liver_erythroblast_rep0	fetal	liver	ATP2B4	ENST00000357681.5_exon_5	chr1	203669925	126	203670051	0	+	154	14614360	1.2222222222222223
Fetal_liver_erythroblast_rep0	fetal	liver	ATP2B4	ENST00000357681.5_exon_6	chr1	203671171	36	203671207	0	+	113	14614360	3.138888888888889
Fetal_liver_erythroblast_rep0	fetal	liver	ATP2B4	ENST00000357681.5_exon_7	chr1	203672779	162	203672941	0	+	143	14614360	0.8827160493827161
Fetal_liver_erythroblast_rep0	fetal	liver	ATP2B4	ENST00000357681.5_exon_8	chr1	203676136	215	203676351	0	+	154	14614360	0.7162790697674418
Fetal_liver_erythroblast_rep0	fetal	liver	ATP2B4	ENST00000357681.5_exon_9	chr1	203676989	243	203677232	0	+	179	14614360	0.7366255144032922
Fetal_liver_erythroblast_rep0	fetal	liver	ATP2B4	ENST00000357681.5_exon_10	chr1	203678428	242	203678670	0	+	164	14614360	0.6776859504132231
Fetal_liver_erythroblast_rep0	fetal	liver	ATP2B4	ENST00000357681.5_exon_11	chr1	203680004	232	203680236	0	+	192	14614360	0.8275862068965517
Fetal_liver_erythroblast_rep0	fetal	liver	ATP2B4	ENST00000357681.5_exon_12	chr1	203681087	180	203681267	0	+	129	14614360	0.7166666666666667
Fetal_liver_erythroblast_rep0	fetal	liver	ATP2B4	ENST00000357681.5_exon_13	chr1	203682292	88	203682380	0	+	100	14614360	1.1363636363636365
Fetal_liver_erythroblast_rep0	fetal	liver	ATP2B4	ENST00000357681.5_exon_14	chr1	203683298	107	203683405	0	+	104	14614360	0.9719626168224299
Fetal_liver_erythroblast_rep0	fetal	liver	ATP2B4	ENST00000357681.5_exon_15	chr1	203689676	192	203689868	0	+	131	14614360	0.6822916666666666
Fetal_liver_erythroblast_rep0	fetal	liver	ATP2B4	ENST00000357681.5_exon_16	chr1	203690324	214	203690538	0	+	120	14614360	0.5607476635514018
Fetal_liver_erythroblast_rep0	fetal	liver	ATP2B4	ENST00000357681.5_exon_17	chr1	203691605	212	203691817	0	+	112	14614360	0.5283018867924528
Fetal_liver_erythroblast_rep0	fetal	liver	ATP2B4	ENST00000357681.5_exon_18	chr1	203693008	108	203693116	0	+	94	14614360	0.8703703703703703
Fetal_liver_erythroblast_rep0	fetal	liver	ATP2B4	ENST00000357681.5_exon_19	chr1	203696522	177	203696699	0	+	138	14614360	0.7796610169491526
Fetal_liver_erythroblast_rep0	fetal	liver	ATP2B4	ENST00000357681.5_exon_20	chr1	203708673	4536	203713209	0	+	959	14614360	0.21141975308641975
Fetal_liver_erythroblast_rep0	fetal	liver	ATP2B4	alternative_exon_1	chr1	203651123	243	203651366	0	+	76	14614360	0.31275720164609055
Fetal_liver_erythroblast_rep0	fetal	liver	ATP2B4	ENST00000367218.3_exon_20	chr1	203702350	178	203702528	0	+	50	14614360	0.2808988764044944
Fetal_liver_erythroblast_rep10	fetal	liver	ATP2B4	ENST00000357681.5_exon	chr1	203595688	659	203596347	0	+	30	17278273	0.04552352048558422
Fetal_liver_erythroblast_rep10	fetal	liver	ATP2B4	ENST00000357681.5_exon_1	chr1	203651869	657	203652526	0	+	531	17278273	0.8082191780821918
Fetal_liver_erythroblast_rep10	fetal	liver	ATP2B4	ENST00000357681.5_exon_2	chr1	203667284	198	203667482	0	+	211	17278273	1.0656565656565657
Fetal_liver_erythroblast_rep10	fetal	liver	ATP2B4	ENST00000357681.5_exon_3	chr1	203668587	258	203668845	0	+	284	17278273	1.1007751937984496
Fetal_liver_erythroblast_rep10	fetal	liver	ATP2B4	ENST00000357681.5_exon_4	chr1	203669333	126	203669459	0	+	147	17278273	1.1666666666666667
Fetal_liver_erythroblast_rep10	fetal	liver	ATP2B4	ENST00000357681.5_exon_5	chr1	203669925	126	203670051	0	+	169	17278273	1.3412698412698412
Fetal_liver_erythroblast_rep10	fetal	liver	ATP2B4	ENST00000357681.5_exon_6	chr1	203671171	36	203671207	0	+	116	17278273	3.2222222222222223
Fetal_liver_erythroblast_rep10	fetal	liver	ATP2B4	ENST00000357681.5_exon_7	chr1	203672779	162	203672941	0	+	182	17278273	1.123456790123457
Fetal_liver_erythroblast_rep10	fetal	liver	ATP2B4	ENST00000357681.5_exon_8	chr1	203676136	215	203676351	0	+	155	17278273	0.7209302325581395
Fetal_liver_erythroblast_rep10	fetal	liver	ATP2B4	ENST00000357681.5_exon_9	chr1	203676989	243	203677232	0	+	226	17278273	0.9300411522633745
Fetal_liver_erythroblast_rep10	fetal	liver	ATP2B4	ENST00000357681.5_exon_10	chr1	203678428	242	203678670	0	+	190	17278273	0.7851239669421488
Fetal_liver_erythroblast_rep10	fetal	liver	ATP2B4	ENST00000357681.5_exon_11	chr1	203680004	232	203680236	0	+	180	17278273	0.7758620689655172
Fetal_liver_erythroblast_rep10	fetal	liver	ATP2B4	ENST00000357681.5_exon_12	chr1	203681087	180	203681267	0	+	177	17278273	0.9833333333333333
Fetal_liver_erythroblast_rep10	fetal	liver	ATP2B4	ENST00000357681.5_exon_13	chr1	203682292	88	203682380	0	+	111	17278273	1.2613636363636365
Fetal_liver_erythroblast_rep10	fetal	liver	ATP2B4	ENST00000357681.5_exon_14	chr1	203683298	107	203683405	0	+	123	17278273	1.1495327102803738
Fetal_liver_erythroblast_rep10	fetal	liver	ATP2B4	ENST00000357681.5_exon_15	chr1	203689676	192	203689868	0	+	167	17278273	0.8697916666666666
Fetal_liver_erythroblast_rep10	fetal	liver	ATP2B4	ENST00000357681.5_exon_16	chr1	203690324	214	203690538	0	+	147	17278273	0.6869158878504673
Fetal_liver_erythroblast_rep10	fetal	liver	ATP2B4	ENST00000357681.5_exon_17	chr1	203691605	212	203691817	0	+	126	17278273	0.5943396226415094
Fetal_liver_erythroblast_rep10	fetal	liver	ATP2B4	ENST00000357681.5_exon_18	chr1	203693008	108	203693116	0	+	77	17278273	0.7129629629629629
Fetal_liver_erythroblast_rep10	fetal	liver	ATP2B4	ENST00000357681.5_exon_19	chr1	203696522	177	203696699	0	+	120	17278273	0.6779661016949152
Fetal_liver_erythroblast_rep10	fetal	liver	ATP2B4	ENST00000357681.5_exon_20	chr1	203708673	4536	203713209	0	+	1153	17278273	0.25418871252204583
Fetal_liver_erythroblast_rep10	fetal	liver	ATP2B4	alternative_exon_1	chr1	203651123	243	203651366	0	+	62	17278273	0.2551440329218107
Fetal_liver_erythroblast_rep10	fetal	liver	ATP2B4	ENST00000367218.3_exon_20	chr1	203702350	178	203702528	0	+	38	17278273	0.21348314606741572
Fetal_liver_erythroblast_rep11	fetal	liver	ATP2B4	ENST00000357681.5_exon	chr1	203595688	659	203596347	0	+	52	20060987	0.07890743550834597
Fetal_liver_erythroblast_rep11	fetal	liver	ATP2B4	ENST00000357681.5_exon_1	chr1	203651869	657	203652526	0	+	791	20060987	1.203957382039574
Fetal_liver_erythroblast_rep11	fetal	liver	ATP2B4	ENST00000357681.5_exon_2	chr1	203667284	198	203667482	0	+	288	20060987	1.4545454545454546
Fetal_liver_erythroblast_rep11	fetal	liver	ATP2B4	ENST00000357681.5_exon_3	chr1	203668587	258	203668845	0	+	378	20060987	1.4651162790697674
Fetal_liver_erythroblast_rep11	fetal	liver	ATP2B4	ENST00000357681.5_exon_4	chr1	203669333	126	203669459	0	+	202	20060987	1.6031746031746033
Fetal_liver_erythroblast_rep11	fetal	liver	ATP2B4	ENST00000357681.5_exon_5	chr1	203669925	126	203670051	0	+	192	20060987	1.5238095238095237
Fetal_liver_erythroblast_rep11	fetal	liver	ATP2B4	ENST00000357681.5_exon_6	chr1	203671171	36	203671207	0	+	120	20060987	3.3333333333333335
Fetal_liver_erythroblast_rep11	fetal	liver	ATP2B4	ENST00000357681.5_exon_7	chr1	203672779	162	203672941	0	+	177	20060987	1.0925925925925926
Fetal_liver_erythroblast_rep11	fetal	liver	ATP2B4	ENST00000357681.5_exon_8	chr1	203676136	215	203676351	0	+	199	20060987	0.9255813953488372
Fetal_liver_erythroblast_rep11	fetal	liver	ATP2B4	ENST00000357681.5_exon_9	chr1	203676989	243	203677232	0	+	292	20060987	1.2016460905349795
Fetal_liver_erythroblast_rep11	fetal	liver	ATP2B4	ENST00000357681.5_exon_10	chr1	203678428	242	203678670	0	+	261	20060987	1.078512396694215
Fetal_liver_erythroblast_rep11	fetal	liver	ATP2B4	ENST00000357681.5_exon_11	chr1	203680004	232	203680236	0	+	296	20060987	1.2758620689655173
Fetal_liver_erythroblast_rep11	fetal	liver	ATP2B4	ENST00000357681.5_exon_12	chr1	203681087	180	203681267	0	+	220	20060987	1.2222222222222223
Fetal_liver_erythroblast_rep11	fetal	liver	ATP2B4	ENST00000357681.5_exon_13	chr1	203682292	88	203682380	0	+	144	20060987	1.6363636363636365
Fetal_liver_erythroblast_rep11	fetal	liver	ATP2B4	ENST00000357681.5_exon_14	chr1	203683298	107	203683405	0	+	165	20060987	1.5420560747663552
Fetal_liver_erythroblast_rep11	fetal	liver	ATP2B4	ENST00000357681.5_exon_15	chr1	203689676	192	203689868	0	+	235	20060987	1.2239583333333333
Fetal_liver_erythroblast_rep11	fetal	liver	ATP2B4	ENST00000357681.5_exon_16	chr1	203690324	214	203690538	0	+	220	20060987	1.02803738317757
Fetal_liver_erythroblast_rep11	fetal	liver	ATP2B4	ENST00000357681.5_exon_17	chr1	203691605	212	203691817	0	+	216	20060987	1.0188679245283019
Fetal_liver_erythroblast_rep11	fetal	liver	ATP2B4	ENST00000357681.5_exon_18	chr1	203693008	108	203693116	0	+	145	20060987	1.3425925925925926
Fetal_liver_erythroblast_rep11	fetal	liver	ATP2B4	ENST00000357681.5_exon_19	chr1	203696522	177	203696699	0	+	242	20060987	1.3672316384180792
Fetal_liver_erythroblast_rep11	fetal	liver	ATP2B4	ENST00000357681.5_exon_20	chr1	203708673	4536	203713209	0	+	1660	20060987	0.36596119929453264
Fetal_liver_erythroblast_rep11	fetal	liver	ATP2B4	alternative_exon_1	chr1	203651123	243	203651366	0	+	147	20060987	0.6049382716049383
Fetal_liver_erythroblast_rep11	fetal	liver	ATP2B4	ENST00000367218.3_exon_20	chr1	203702350	178	203702528	0	+	95	20060987	0.5337078651685393
Fetal_liver_erythroblast_rep1	fetal	liver	ATP2B4	ENST00000357681.5_exon	chr1	203595688	659	203596347	0	+	47	21764781	0.07132018209408195
Fetal_liver_erythroblast_rep1	fetal	liver	ATP2B4	ENST00000357681.5_exon_1	chr1	203651869	657	203652526	0	+	653	21764781	0.9939117199391172
Fetal_liver_erythroblast_rep1	fetal	liver	ATP2B4	ENST00000357681.5_exon_2	chr1	203667284	198	203667482	0	+	238	21764781	1.202020202020202
Fetal_liver_erythroblast_rep1	fetal	liver	ATP2B4	ENST00000357681.5_exon_3	chr1	203668587	258	203668845	0	+	279	21764781	1.0813953488372092
Fetal_liver_erythroblast_rep1	fetal	liver	ATP2B4	ENST00000357681.5_exon_4	chr1	203669333	126	203669459	0	+	201	21764781	1.5952380952380953
Fetal_liver_erythroblast_rep1	fetal	liver	ATP2B4	ENST00000357681.5_exon_5	chr1	203669925	126	203670051	0	+	227	21764781	1.8015873015873016
Fetal_liver_erythroblast_rep1	fetal	liver	ATP2B4	ENST00000357681.5_exon_6	chr1	203671171	36	203671207	0	+	156	21764781	4.333333333333333
Fetal_liver_erythroblast_rep1	fetal	liver	ATP2B4	ENST00000357681.5_exon_7	chr1	203672779	162	203672941	0	+	229	21764781	1.4135802469135803
Fetal_liver_erythroblast_rep1	fetal	liver	ATP2B4	ENST00000357681.5_exon_8	chr1	203676136	215	203676351	0	+	198	21764781	0.9209302325581395
Fetal_liver_erythroblast_rep1	fetal	liver	ATP2B4	ENST00000357681.5_exon_9	chr1	203676989	243	203677232	0	+	241	21764781	0.9917695473251029
Fetal_liver_erythroblast_rep1	fetal	liver	ATP2B4	ENST00000357681.5_exon_10	chr1	203678428	242	203678670	0	+	215	21764781	0.8884297520661157
Fetal_liver_erythroblast_rep1	fetal	liver	ATP2B4	ENST00000357681.5_exon_11	chr1	203680004	232	203680236	0	+	254	21764781	1.0948275862068966
Fetal_liver_erythroblast_rep1	fetal	liver	ATP2B4	ENST00000357681.5_exon_12	chr1	203681087	180	203681267	0	+	195	21764781	1.0833333333333333
Fetal_liver_erythroblast_rep1	fetal	liver	ATP2B4	ENST00000357681.5_exon_13	chr1	203682292	88	203682380	0	+	119	21764781	1.3522727272727273
Fetal_liver_erythroblast_rep1	fetal	liver	ATP2B4	ENST00000357681.5_exon_14	chr1	203683298	107	203683405	0	+	131	21764781	1.2242990654205608
Fetal_liver_erythroblast_rep1	fetal	liver	ATP2B4	ENST00000357681.5_exon_15	chr1	203689676	192	203689868	0	+	201	21764781	1.046875
Fetal_liver_erythroblast_rep1	fetal	liver	ATP2B4	ENST00000357681.5_exon_16	chr1	203690324	214	203690538	0	+	167	21764781	0.780373831775701
Fetal_liver_erythroblast_rep1	fetal	liver	ATP2B4	ENST00000357681.5_exon_17	chr1	203691605	212	203691817	0	+	159	21764781	0.75
Fetal_liver_erythroblast_rep1	fetal	liver	ATP2B4	ENST00000357681.5_exon_18	chr1	203693008	108	203693116	0	+	108	21764781	1
Fetal_liver_erythroblast_rep1	fetal	liver	ATP2B4	ENST00000357681.5_exon_19	chr1	203696522	177	203696699	0	+	180	21764781	1.0169491525423728
Fetal_liver_erythroblast_rep1	fetal	liver	ATP2B4	ENST00000357681.5_exon_20	chr1	203708673	4536	203713209	0	+	1494	21764781	0.32936507936507936
Fetal_liver_erythroblast_rep1	fetal	liver	ATP2B4	alternative_exon_1	chr1	203651123	243	203651366	0	+	96	21764781	0.3950617283950617
Fetal_liver_erythroblast_rep1	fetal	liver	ATP2B4	ENST00000367218.3_exon_20	chr1	203702350	178	203702528	0	+	77	21764781	0.43258426966292135
Fetal_liver_erythroblast_rep2	fetal	liver	ATP2B4	ENST00000357681.5_exon	chr1	203595688	659	203596347	0	+	34	17145984	0.051593323216995446
Fetal_liver_erythroblast_rep2	fetal	liver	ATP2B4	ENST00000357681.5_exon_1	chr1	203651869	657	203652526	0	+	341	17145984	0.5190258751902588
Fetal_liver_erythroblast_rep2	fetal	liver	ATP2B4	ENST00000357681.5_exon_2	chr1	203667284	198	203667482	0	+	123	17145984	0.6212121212121212
Fetal_liver_erythroblast_rep2	fetal	liver	ATP2B4	ENST00000357681.5_exon_3	chr1	203668587	258	203668845	0	+	191	17145984	0.7403100775193798
Fetal_liver_erythroblast_rep2	fetal	liver	ATP2B4	ENST00000357681.5_exon_4	chr1	203669333	126	203669459	0	+	126	17145984	1
Fetal_liver_erythroblast_rep2	fetal	liver	ATP2B4	ENST00000357681.5_exon_5	chr1	203669925	126	203670051	0	+	118	17145984	0.9365079365079365
Fetal_liver_erythroblast_rep2	fetal	liver	ATP2B4	ENST00000357681.5_exon_6	chr1	203671171	36	203671207	0	+	83	17145984	2.3055555555555554
Fetal_liver_erythroblast_rep2	fetal	liver	ATP2B4	ENST00000357681.5_exon_7	chr1	203672779	162	203672941	0	+	114	17145984	0.7037037037037037
Fetal_liver_erythroblast_rep2	fetal	liver	ATP2B4	ENST00000357681.5_exon_8	chr1	203676136	215	203676351	0	+	154	17145984	0.7162790697674418
Fetal_liver_erythroblast_rep2	fetal	liver	ATP2B4	ENST00000357681.5_exon_9	chr1	203676989	243	203677232	0	+	187	17145984	0.7695473251028807
Fetal_liver_erythroblast_rep2	fetal	liver	ATP2B4	ENST00000357681.5_exon_10	chr1	203678428	242	203678670	0	+	142	17145984	0.5867768595041323
Fetal_liver_erythroblast_rep2	fetal	liver	ATP2B4	ENST00000357681.5_exon_11	chr1	203680004	232	203680236	0	+	195	17145984	0.8405172413793104
Fetal_liver_erythroblast_rep2	fetal	liver	ATP2B4	ENST00000357681.5_exon_12	chr1	203681087	180	203681267	0	+	142	17145984	0.7888888888888889
Fetal_liver_erythroblast_rep2	fetal	liver	ATP2B4	ENST00000357681.5_exon_13	chr1	203682292	88	203682380	0	+	104	17145984	1.1818181818181819
Fetal_liver_erythroblast_rep2	fetal	liver	ATP2B4	ENST00000357681.5_exon_14	chr1	203683298	107	203683405	0	+	119	17145984	1.1121495327102804
Fetal_liver_erythroblast_rep2	fetal	liver	ATP2B4	ENST00000357681.5_exon_15	chr1	203689676	192	203689868	0	+	116	17145984	0.6041666666666666
Fetal_liver_erythroblast_rep2	fetal	liver	ATP2B4	ENST00000357681.5_exon_16	chr1	203690324	214	203690538	0	+	123	17145984	0.5747663551401869
Fetal_liver_erythroblast_rep2	fetal	liver	ATP2B4	ENST00000357681.5_exon_17	chr1	203691605	212	203691817	0	+	160	17145984	0.7547169811320755
Fetal_liver_erythroblast_rep2	fetal	liver	ATP2B4	ENST00000357681.5_exon_18	chr1	203693008	108	203693116	0	+	72	17145984	0.6666666666666666
Fetal_liver_erythroblast_rep2	fetal	liver	ATP2B4	ENST00000357681.5_exon_19	chr1	203696522	177	203696699	0	+	110	17145984	0.6214689265536724
Fetal_liver_erythroblast_rep2	fetal	liver	ATP2B4	ENST00000357681.5_exon_20	chr1	203708673	4536	203713209	0	+	947	17145984	0.2087742504409171
Fetal_liver_erythroblast_rep2	fetal	liver	ATP2B4	alternative_exon_1	chr1	203651123	243	203651366	0	+	38	17145984	0.15637860082304528
Fetal_liver_erythroblast_rep2	fetal	liver	ATP2B4	ENST00000367218.3_exon_20	chr1	203702350	178	203702528	0	+	52	17145984	0.29213483146067415
Fetal_liver_erythroblast_rep3	fetal	liver	ATP2B4	ENST00000357681.5_exon	chr1	203595688	659	203596347	0	+	52	25585290	0.07890743550834597
Fetal_liver_erythroblast_rep3	fetal	liver	ATP2B4	ENST00000357681.5_exon_1	chr1	203651869	657	203652526	0	+	1062	25585290	1.6164383561643836
Fetal_liver_erythroblast_rep3	fetal	liver	ATP2B4	ENST00000357681.5_exon_2	chr1	203667284	198	203667482	0	+	374	25585290	1.8888888888888888
Fetal_liver_erythroblast_rep3	fetal	liver	ATP2B4	ENST00000357681.5_exon_3	chr1	203668587	258	203668845	0	+	476	25585290	1.8449612403100775
Fetal_liver_erythroblast_rep3	fetal	liver	ATP2B4	ENST00000357681.5_exon_4	chr1	203669333	126	203669459	0	+	288	25585290	2.2857142857142856
Fetal_liver_erythroblast_rep3	fetal	liver	ATP2B4	ENST00000357681.5_exon_5	chr1	203669925	126	203670051	0	+	297	25585290	2.357142857142857
Fetal_liver_erythroblast_rep3	fetal	liver	ATP2B4	ENST00000357681.5_exon_6	chr1	203671171	36	203671207	0	+	225	25585290	6.25
Fetal_liver_erythroblast_rep3	fetal	liver	ATP2B4	ENST00000357681.5_exon_7	chr1	203672779	162	203672941	0	+	349	25585290	2.154320987654321
Fetal_liver_erythroblast_rep3	fetal	liver	ATP2B4	ENST00000357681.5_exon_8	chr1	203676136	215	203676351	0	+	378	25585290	1.758139534883721
Fetal_liver_erythroblast_rep3	fetal	liver	ATP2B4	ENST00000357681.5_exon_9	chr1	203676989	243	203677232	0	+	480	25585290	1.9753086419753085
Fetal_liver_erythroblast_rep3	fetal	liver	ATP2B4	ENST00000357681.5_exon_10	chr1	203678428	242	203678670	0	+	407	25585290	1.6818181818181819
Fetal_liver_erythroblast_rep3	fetal	liver	ATP2B4	ENST00000357681.5_exon_11	chr1	203680004	232	203680236	0	+	469	25585290	2.021551724137931
Fetal_liver_erythroblast_rep3	fetal	liver	ATP2B4	ENST00000357681.5_exon_12	chr1	203681087	180	203681267	0	+	360	25585290	2
Fetal_liver_erythroblast_rep3	fetal	liver	ATP2B4	ENST00000357681.5_exon_13	chr1	203682292	88	203682380	0	+	246	25585290	2.7954545454545454
Fetal_liver_erythroblast_rep3	fetal	liver	ATP2B4	ENST00000357681.5_exon_14	chr1	203683298	107	203683405	0	+	273	25585290	2.5514018691588785
Fetal_liver_erythroblast_rep3	fetal	liver	ATP2B4	ENST00000357681.5_exon_15	chr1	203689676	192	203689868	0	+	348	25585290	1.8125
Fetal_liver_erythroblast_rep3	fetal	liver	ATP2B4	ENST00000357681.5_exon_16	chr1	203690324	214	203690538	0	+	307	25585290	1.4345794392523366
Fetal_liver_erythroblast_rep3	fetal	liver	ATP2B4	ENST00000357681.5_exon_17	chr1	203691605	212	203691817	0	+	311	25585290	1.4669811320754718
Fetal_liver_erythroblast_rep3	fetal	liver	ATP2B4	ENST00000357681.5_exon_18	chr1	203693008	108	203693116	0	+	172	25585290	1.5925925925925926
Fetal_liver_erythroblast_rep3	fetal	liver	ATP2B4	ENST00000357681.5_exon_19	chr1	203696522	177	203696699	0	+	312	25585290	1.7627118644067796
Fetal_liver_erythroblast_rep3	fetal	liver	ATP2B4	ENST00000357681.5_exon_20	chr1	203708673	4536	203713209	0	+	2262	25585290	0.49867724867724866
Fetal_liver_erythroblast_rep3	fetal	liver	ATP2B4	alternative_exon_1	chr1	203651123	243	203651366	0	+	154	25585290	0.6337448559670782
Fetal_liver_erythroblast_rep3	fetal	liver	ATP2B4	ENST00000367218.3_exon_20	chr1	203702350	178	203702528	0	+	140	25585290	0.7865168539325843
Fetal_liver_erythroblast_rep4	fetal	liver	ATP2B4	ENST00000357681.5_exon	chr1	203595688	659	203596347	0	+	31	16871355	0.04704097116843703
Fetal_liver_erythroblast_rep4	fetal	liver	ATP2B4	ENST00000357681.5_exon_1	chr1	203651869	657	203652526	0	+	407	16871355	0.619482496194825
Fetal_liver_erythroblast_rep4	fetal	liver	ATP2B4	ENST00000357681.5_exon_2	chr1	203667284	198	203667482	0	+	148	16871355	0.7474747474747475
Fetal_liver_erythroblast_rep4	fetal	liver	ATP2B4	ENST00000357681.5_exon_3	chr1	203668587	258	203668845	0	+	185	16871355	0.7170542635658915
Fetal_liver_erythroblast_rep4	fetal	liver	ATP2B4	ENST00000357681.5_exon_4	chr1	203669333	126	203669459	0	+	123	16871355	0.9761904761904762
Fetal_liver_erythroblast_rep4	fetal	liver	ATP2B4	ENST00000357681.5_exon_5	chr1	203669925	126	203670051	0	+	123	16871355	0.9761904761904762
Fetal_liver_erythroblast_rep4	fetal	liver	ATP2B4	ENST00000357681.5_exon_6	chr1	203671171	36	203671207	0	+	77	16871355	2.138888888888889
Fetal_liver_erythroblast_rep4	fetal	liver	ATP2B4	ENST00000357681.5_exon_7	chr1	203672779	162	203672941	0	+	124	16871355	0.7654320987654321
Fetal_liver_erythroblast_rep4	fetal	liver	ATP2B4	ENST00000357681.5_exon_8	chr1	203676136	215	203676351	0	+	107	16871355	0.49767441860465117
Fetal_liver_erythroblast_rep4	fetal	liver	ATP2B4	ENST00000357681.5_exon_9	chr1	203676989	243	203677232	0	+	160	16871355	0.6584362139917695
Fetal_liver_erythroblast_rep4	fetal	liver	ATP2B4	ENST00000357681.5_exon_10	chr1	203678428	242	203678670	0	+	140	16871355	0.5785123966942148
Fetal_liver_erythroblast_rep4	fetal	liver	ATP2B4	ENST00000357681.5_exon_11	chr1	203680004	232	203680236	0	+	143	16871355	0.6163793103448276
Fetal_liver_erythroblast_rep4	fetal	liver	ATP2B4	ENST00000357681.5_exon_12	chr1	203681087	180	203681267	0	+	115	16871355	0.6388888888888888
Fetal_liver_erythroblast_rep4	fetal	liver	ATP2B4	ENST00000357681.5_exon_13	chr1	203682292	88	203682380	0	+	89	16871355	1.0113636363636365
Fetal_liver_erythroblast_rep4	fetal	liver	ATP2B4	ENST00000357681.5_exon_14	chr1	203683298	107	203683405	0	+	109	16871355	1.0186915887850467
Fetal_liver_erythroblast_rep4	fetal	liver	ATP2B4	ENST00000357681.5_exon_15	chr1	203689676	192	203689868	0	+	159	16871355	0.828125
Fetal_liver_erythroblast_rep4	fetal	liver	ATP2B4	ENST00000357681.5_exon_16	chr1	203690324	214	203690538	0	+	133	16871355	0.6214953271028038
Fetal_liver_erythroblast_rep4	fetal	liver	ATP2B4	ENST00000357681.5_exon_17	chr1	203691605	212	203691817	0	+	133	16871355	0.6273584905660378
Fetal_liver_erythroblast_rep4	fetal	liver	ATP2B4	ENST00000357681.5_exon_18	chr1	203693008	108	203693116	0	+	89	16871355	0.8240740740740741
Fetal_liver_erythroblast_rep4	fetal	liver	ATP2B4	ENST00000357681.5_exon_19	chr1	203696522	177	203696699	0	+	119	16871355	0.672316384180791
Fetal_liver_erythroblast_rep4	fetal	liver	ATP2B4	ENST00000357681.5_exon_20	chr1	203708673	4536	203713209	0	+	1148	16871355	0.25308641975308643
Fetal_liver_erythroblast_rep4	fetal	liver	ATP2B4	alternative_exon_1	chr1	203651123	243	203651366	0	+	36	16871355	0.14814814814814814
Fetal_liver_erythroblast_rep4	fetal	liver	ATP2B4	ENST00000367218.3_exon_20	chr1	203702350	178	203702528	0	+	44	16871355	0.24719101123595505
Fetal_liver_erythroblast_rep5	fetal	liver	ATP2B4	ENST00000357681.5_exon	chr1	203595688	659	203596347	0	+	46	20986762	0.06980273141122914
Fetal_liver_erythroblast_rep5	fetal	liver	ATP2B4	ENST00000357681.5_exon_1	chr1	203651869	657	203652526	0	+	1002	20986762	1.5251141552511416
Fetal_liver_erythroblast_rep5	fetal	liver	ATP2B4	ENST00000357681.5_exon_2	chr1	203667284	198	203667482	0	+	418	20986762	2.111111111111111
Fetal_liver_erythroblast_rep5	fetal	liver	ATP2B4	ENST00000357681.5_exon_3	chr1	203668587	258	203668845	0	+	514	20986762	1.9922480620155039
Fetal_liver_erythroblast_rep5	fetal	liver	ATP2B4	ENST00000357681.5_exon_4	chr1	203669333	126	203669459	0	+	260	20986762	2.0634920634920637
Fetal_liver_erythroblast_rep5	fetal	liver	ATP2B4	ENST00000357681.5_exon_5	chr1	203669925	126	203670051	0	+	304	20986762	2.4126984126984126
Fetal_liver_erythroblast_rep5	fetal	liver	ATP2B4	ENST00000357681.5_exon_6	chr1	203671171	36	203671207	0	+	219	20986762	6.083333333333333
Fetal_liver_erythroblast_rep5	fetal	liver	ATP2B4	ENST00000357681.5_exon_7	chr1	203672779	162	203672941	0	+	306	20986762	1.8888888888888888
Fetal_liver_erythroblast_rep5	fetal	liver	ATP2B4	ENST00000357681.5_exon_8	chr1	203676136	215	203676351	0	+	302	20986762	1.4046511627906977
Fetal_liver_erythroblast_rep5	fetal	liver	ATP2B4	ENST00000357681.5_exon_9	chr1	203676989	243	203677232	0	+	396	20986762	1.6296296296296295
Fetal_liver_erythroblast_rep5	fetal	liver	ATP2B4	ENST00000357681.5_exon_10	chr1	203678428	242	203678670	0	+	346	20986762	1.4297520661157024
Fetal_liver_erythroblast_rep5	fetal	liver	ATP2B4	ENST00000357681.5_exon_11	chr1	203680004	232	203680236	0	+	383	20986762	1.6508620689655173
Fetal_liver_erythroblast_rep5	fetal	liver	ATP2B4	ENST00000357681.5_exon_12	chr1	203681087	180	203681267	0	+	277	20986762	1.538888888888889
Fetal_liver_erythroblast_rep5	fetal	liver	ATP2B4	ENST00000357681.5_exon_13	chr1	203682292	88	203682380	0	+	208	20986762	2.3636363636363638
Fetal_liver_erythroblast_rep5	fetal	liver	ATP2B4	ENST00000357681.5_exon_14	chr1	203683298	107	203683405	0	+	262	20986762	2.4485981308411215
Fetal_liver_erythroblast_rep5	fetal	liver	ATP2B4	ENST00000357681.5_exon_15	chr1	203689676	192	203689868	0	+	307	20986762	1.5989583333333333
Fetal_liver_erythroblast_rep5	fetal	liver	ATP2B4	ENST00000357681.5_exon_16	chr1	203690324	214	203690538	0	+	270	20986762	1.2616822429906542
Fetal_liver_erythroblast_rep5	fetal	liver	ATP2B4	ENST00000357681.5_exon_17	chr1	203691605	212	203691817	0	+	299	20986762	1.4103773584905661
Fetal_liver_erythroblast_rep5	fetal	liver	ATP2B4	ENST00000357681.5_exon_18	chr1	203693008	108	203693116	0	+	194	20986762	1.7962962962962963
Fetal_liver_erythroblast_rep5	fetal	liver	ATP2B4	ENST00000357681.5_exon_19	chr1	203696522	177	203696699	0	+	334	20986762	1.887005649717514
Fetal_liver_erythroblast_rep5	fetal	liver	ATP2B4	ENST00000357681.5_exon_20	chr1	203708673	4536	203713209	0	+	2293	20986762	0.5055114638447972
Fetal_liver_erythroblast_rep5	fetal	liver	ATP2B4	alternative_exon_1	chr1	203651123	243	203651366	0	+	129	20986762	0.5308641975308642
Fetal_liver_erythroblast_rep5	fetal	liver	ATP2B4	ENST00000367218.3_exon_20	chr1	203702350	178	203702528	0	+	97	20986762	0.5449438202247191
Fetal_liver_erythroblast_rep6	fetal	liver	ATP2B4	ENST00000357681.5_exon	chr1	203595688	659	203596347	0	+	69	21114548	0.1047040971168437
Fetal_liver_erythroblast_rep6	fetal	liver	ATP2B4	ENST00000357681.5_exon_1	chr1	203651869	657	203652526	0	+	796	21114548	1.2115677321156773
Fetal_liver_erythroblast_rep6	fetal	liver	ATP2B4	ENST00000357681.5_exon_2	chr1	203667284	198	203667482	0	+	323	21114548	1.6313131313131313
Fetal_liver_erythroblast_rep6	fetal	liver	ATP2B4	ENST00000357681.5_exon_3	chr1	203668587	258	203668845	0	+	381	21114548	1.4767441860465116
Fetal_liver_erythroblast_rep6	fetal	liver	ATP2B4	ENST00000357681.5_exon_4	chr1	203669333	126	203669459	0	+	223	21114548	1.7698412698412698
Fetal_liver_erythroblast_rep6	fetal	liver	ATP2B4	ENST00000357681.5_exon_5	chr1	203669925	126	203670051	0	+	220	21114548	1.746031746031746
Fetal_liver_erythroblast_rep6	fetal	liver	ATP2B4	ENST00000357681.5_exon_6	chr1	203671171	36	203671207	0	+	148	21114548	4.111111111111111
Fetal_liver_erythroblast_rep6	fetal	liver	ATP2B4	ENST00000357681.5_exon_7	chr1	203672779	162	203672941	0	+	229	21114548	1.4135802469135803
Fetal_liver_erythroblast_rep6	fetal	liver	ATP2B4	ENST00000357681.5_exon_8	chr1	203676136	215	203676351	0	+	210	21114548	0.9767441860465116
Fetal_liver_erythroblast_rep6	fetal	liver	ATP2B4	ENST00000357681.5_exon_9	chr1	203676989	243	203677232	0	+	280	21114548	1.1522633744855968
Fetal_liver_erythroblast_rep6	fetal	liver	ATP2B4	ENST00000357681.5_exon_10	chr1	203678428	242	203678670	0	+	260	21114548	1.0743801652892562
Fetal_liver_erythroblast_rep6	fetal	liver	ATP2B4	ENST00000357681.5_exon_11	chr1	203680004	232	203680236	0	+	290	21114548	1.25
Fetal_liver_erythroblast_rep6	fetal	liver	ATP2B4	ENST00000357681.5_exon_12	chr1	203681087	180	203681267	0	+	224	21114548	1.2444444444444445
Fetal_liver_erythroblast_rep6	fetal	liver	ATP2B4	ENST00000357681.5_exon_13	chr1	203682292	88	203682380	0	+	154	21114548	1.75
Fetal_liver_erythroblast_rep6	fetal	liver	ATP2B4	ENST00000357681.5_exon_14	chr1	203683298	107	203683405	0	+	165	21114548	1.5420560747663552
Fetal_liver_erythroblast_rep6	fetal	liver	ATP2B4	ENST00000357681.5_exon_15	chr1	203689676	192	203689868	0	+	216	21114548	1.125
Fetal_liver_erythroblast_rep6	fetal	liver	ATP2B4	ENST00000357681.5_exon_16	chr1	203690324	214	203690538	0	+	246	21114548	1.1495327102803738
Fetal_liver_erythroblast_rep6	fetal	liver	ATP2B4	ENST00000357681.5_exon_17	chr1	203691605	212	203691817	0	+	198	21114548	0.9339622641509434
Fetal_liver_erythroblast_rep6	fetal	liver	ATP2B4	ENST00000357681.5_exon_18	chr1	203693008	108	203693116	0	+	135	21114548	1.25
Fetal_liver_erythroblast_rep6	fetal	liver	ATP2B4	ENST00000357681.5_exon_19	chr1	203696522	177	203696699	0	+	224	21114548	1.265536723163842
Fetal_liver_erythroblast_rep6	fetal	liver	ATP2B4	ENST00000357681.5_exon_20	chr1	203708673	4536	203713209	0	+	1981	21114548	0.4367283950617284
Fetal_liver_erythroblast_rep6	fetal	liver	ATP2B4	alternative_exon_1	chr1	203651123	243	203651366	0	+	123	21114548	0.5061728395061729
Fetal_liver_erythroblast_rep6	fetal	liver	ATP2B4	ENST00000367218.3_exon_20	chr1	203702350	178	203702528	0	+	81	21114548	0.4550561797752809
Fetal_liver_erythroblast_rep7	fetal	liver	ATP2B4	ENST00000357681.5_exon	chr1	203595688	659	203596347	0	+	33	18341826	0.05007587253414264
Fetal_liver_erythroblast_rep7	fetal	liver	ATP2B4	ENST00000357681.5_exon_1	chr1	203651869	657	203652526	0	+	782	18341826	1.1902587519025876
Fetal_liver_erythroblast_rep7	fetal	liver	ATP2B4	ENST00000357681.5_exon_2	chr1	203667284	198	203667482	0	+	297	18341826	1.5
Fetal_liver_erythroblast_rep7	fetal	liver	ATP2B4	ENST00000357681.5_exon_3	chr1	203668587	258	203668845	0	+	291	18341826	1.127906976744186
Fetal_liver_erythroblast_rep7	fetal	liver	ATP2B4	ENST00000357681.5_exon_4	chr1	203669333	126	203669459	0	+	191	18341826	1.5158730158730158
Fetal_liver_erythroblast_rep7	fetal	liver	ATP2B4	ENST00000357681.5_exon_5	chr1	203669925	126	203670051	0	+	232	18341826	1.8412698412698412
Fetal_liver_erythroblast_rep7	fetal	liver	ATP2B4	ENST00000357681.5_exon_6	chr1	203671171	36	203671207	0	+	182	18341826	5.055555555555555
Fetal_liver_erythroblast_rep7	fetal	liver	ATP2B4	ENST00000357681.5_exon_7	chr1	203672779	162	203672941	0	+	261	18341826	1.6111111111111112
Fetal_liver_erythroblast_rep7	fetal	liver	ATP2B4	ENST00000357681.5_exon_8	chr1	203676136	215	203676351	0	+	219	18341826	1.0186046511627906
Fetal_liver_erythroblast_rep7	fetal	liver	ATP2B4	ENST00000357681.5_exon_9	chr1	203676989	243	203677232	0	+	259	18341826	1.0658436213991769
Fetal_liver_erythroblast_rep7	fetal	liver	ATP2B4	ENST00000357681.5_exon_10	chr1	203678428	242	203678670	0	+	226	18341826	0.9338842975206612
Fetal_liver_erythroblast_rep7	fetal	liver	ATP2B4	ENST00000357681.5_exon_11	chr1	203680004	232	203680236	0	+	268	18341826	1.1551724137931034
Fetal_liver_erythroblast_rep7	fetal	liver	ATP2B4	ENST00000357681.5_exon_12	chr1	203681087	180	203681267	0	+	213	18341826	1.1833333333333333
Fetal_liver_erythroblast_rep7	fetal	liver	ATP2B4	ENST00000357681.5_exon_13	chr1	203682292	88	203682380	0	+	145	18341826	1.6477272727272727
Fetal_liver_erythroblast_rep7	fetal	liver	ATP2B4	ENST00000357681.5_exon_14	chr1	203683298	107	203683405	0	+	174	18341826	1.6261682242990654
Fetal_liver_erythroblast_rep7	fetal	liver	ATP2B4	ENST00000357681.5_exon_15	chr1	203689676	192	203689868	0	+	251	18341826	1.3072916666666667
Fetal_liver_erythroblast_rep7	fetal	liver	ATP2B4	ENST00000357681.5_exon_16	chr1	203690324	214	203690538	0	+	202	18341826	0.9439252336448598
Fetal_liver_erythroblast_rep7	fetal	liver	ATP2B4	ENST00000357681.5_exon_17	chr1	203691605	212	203691817	0	+	197	18341826	0.9292452830188679
Fetal_liver_erythroblast_rep7	fetal	liver	ATP2B4	ENST00000357681.5_exon_18	chr1	203693008	108	203693116	0	+	141	18341826	1.3055555555555556
Fetal_liver_erythroblast_rep7	fetal	liver	ATP2B4	ENST00000357681.5_exon_19	chr1	203696522	177	203696699	0	+	198	18341826	1.11864406779661
Fetal_liver_erythroblast_rep7	fetal	liver	ATP2B4	ENST00000357681.5_exon_20	chr1	203708673	4536	203713209	0	+	1661	18341826	0.3661816578483245
Fetal_liver_erythroblast_rep7	fetal	liver	ATP2B4	alternative_exon_1	chr1	203651123	243	203651366	0	+	132	18341826	0.5432098765432098
Fetal_liver_erythroblast_rep7	fetal	liver	ATP2B4	ENST00000367218.3_exon_20	chr1	203702350	178	203702528	0	+	76	18341826	0.42696629213483145
Fetal_liver_erythroblast_rep8	fetal	liver	ATP2B4	ENST00000357681.5_exon	chr1	203595688	659	203596347	0	+	26	15389667	0.03945371775417299
Fetal_liver_erythroblast_rep8	fetal	liver	ATP2B4	ENST00000357681.5_exon_1	chr1	203651869	657	203652526	0	+	1047	15389667	1.5936073059360731
Fetal_liver_erythroblast_rep8	fetal	liver	ATP2B4	ENST00000357681.5_exon_2	chr1	203667284	198	203667482	0	+	434	15389667	2.191919191919192
Fetal_liver_erythroblast_rep8	fetal	liver	ATP2B4	ENST00000357681.5_exon_3	chr1	203668587	258	203668845	0	+	501	15389667	1.941860465116279
Fetal_liver_erythroblast_rep8	fetal	liver	ATP2B4	ENST00000357681.5_exon_4	chr1	203669333	126	203669459	0	+	300	15389667	2.380952380952381
Fetal_liver_erythroblast_rep8	fetal	liver	ATP2B4	ENST00000357681.5_exon_5	chr1	203669925	126	203670051	0	+	310	15389667	2.4603174603174605
Fetal_liver_erythroblast_rep8	fetal	liver	ATP2B4	ENST00000357681.5_exon_6	chr1	203671171	36	203671207	0	+	225	15389667	6.25
Fetal_liver_erythroblast_rep8	fetal	liver	ATP2B4	ENST00000357681.5_exon_7	chr1	203672779	162	203672941	0	+	373	15389667	2.302469135802469
Fetal_liver_erythroblast_rep8	fetal	liver	ATP2B4	ENST00000357681.5_exon_8	chr1	203676136	215	203676351	0	+	397	15389667	1.8465116279069766
Fetal_liver_erythroblast_rep8	fetal	liver	ATP2B4	ENST00000357681.5_exon_9	chr1	203676989	243	203677232	0	+	472	15389667	1.9423868312757202
Fetal_liver_erythroblast_rep8	fetal	liver	ATP2B4	ENST00000357681.5_exon_10	chr1	203678428	242	203678670	0	+	410	15389667	1.6942148760330578
Fetal_liver_erythroblast_rep8	fetal	liver	ATP2B4	ENST00000357681.5_exon_11	chr1	203680004	232	203680236	0	+	421	15389667	1.8146551724137931
Fetal_liver_erythroblast_rep8	fetal	liver	ATP2B4	ENST00000357681.5_exon_12	chr1	203681087	180	203681267	0	+	311	15389667	1.7277777777777779
Fetal_liver_erythroblast_rep8	fetal	liver	ATP2B4	ENST00000357681.5_exon_13	chr1	203682292	88	203682380	0	+	213	15389667	2.4204545454545454
Fetal_liver_erythroblast_rep8	fetal	liver	ATP2B4	ENST00000357681.5_exon_14	chr1	203683298	107	203683405	0	+	267	15389667	2.4953271028037385
Fetal_liver_erythroblast_rep8	fetal	liver	ATP2B4	ENST00000357681.5_exon_15	chr1	203689676	192	203689868	0	+	304	15389667	1.5833333333333333
Fetal_liver_erythroblast_rep8	fetal	liver	ATP2B4	ENST00000357681.5_exon_16	chr1	203690324	214	203690538	0	+	309	15389667	1.4439252336448598
Fetal_liver_erythroblast_rep8	fetal	liver	ATP2B4	ENST00000357681.5_exon_17	chr1	203691605	212	203691817	0	+	328	15389667	1.5471698113207548
Fetal_liver_erythroblast_rep8	fetal	liver	ATP2B4	ENST00000357681.5_exon_18	chr1	203693008	108	203693116	0	+	188	15389667	1.7407407407407407
Fetal_liver_erythroblast_rep8	fetal	liver	ATP2B4	ENST00000357681.5_exon_19	chr1	203696522	177	203696699	0	+	343	15389667	1.9378531073446328
Fetal_liver_erythroblast_rep8	fetal	liver	ATP2B4	ENST00000357681.5_exon_20	chr1	203708673	4536	203713209	0	+	2285	15389667	0.5037477954144621
Fetal_liver_erythroblast_rep8	fetal	liver	ATP2B4	alternative_exon_1	chr1	203651123	243	203651366	0	+	159	15389667	0.654320987654321
Fetal_liver_erythroblast_rep8	fetal	liver	ATP2B4	ENST00000367218.3_exon_20	chr1	203702350	178	203702528	0	+	135	15389667	0.7584269662921348
Fetal_liver_erythroblast_rep9	fetal	liver	ATP2B4	ENST00000357681.5_exon	chr1	203595688	659	203596347	0	+	26	13528723	0.03945371775417299
Fetal_liver_erythroblast_rep9	fetal	liver	ATP2B4	ENST00000357681.5_exon_1	chr1	203651869	657	203652526	0	+	890	13528723	1.3546423135464232
Fetal_liver_erythroblast_rep9	fetal	liver	ATP2B4	ENST00000357681.5_exon_2	chr1	203667284	198	203667482	0	+	359	13528723	1.8131313131313131
Fetal_liver_erythroblast_rep9	fetal	liver	ATP2B4	ENST00000357681.5_exon_3	chr1	203668587	258	203668845	0	+	371	13528723	1.437984496124031
Fetal_liver_erythroblast_rep9	fetal	liver	ATP2B4	ENST00000357681.5_exon_4	chr1	203669333	126	203669459	0	+	248	13528723	1.9682539682539681
Fetal_liver_erythroblast_rep9	fetal	liver	ATP2B4	ENST00000357681.5_exon_5	chr1	203669925	126	203670051	0	+	292	13528723	2.3174603174603177
Fetal_liver_erythroblast_rep9	fetal	liver	ATP2B4	ENST00000357681.5_exon_6	chr1	203671171	36	203671207	0	+	212	13528723	5.888888888888889
Fetal_liver_erythroblast_rep9	fetal	liver	ATP2B4	ENST00000357681.5_exon_7	chr1	203672779	162	203672941	0	+	295	13528723	1.8209876543209877
Fetal_liver_erythroblast_rep9	fetal	liver	ATP2B4	ENST00000357681.5_exon_8	chr1	203676136	215	203676351	0	+	247	13528723	1.1488372093023256
Fetal_liver_erythroblast_rep9	fetal	liver	ATP2B4	ENST00000357681.5_exon_9	chr1	203676989	243	203677232	0	+	305	13528723	1.2551440329218106
Fetal_liver_erythroblast_rep9	fetal	liver	ATP2B4	ENST00000357681.5_exon_10	chr1	203678428	242	203678670	0	+	305	13528723	1.2603305785123966
Fetal_liver_erythroblast_rep9	fetal	liver	ATP2B4	ENST00000357681.5_exon_11	chr1	203680004	232	203680236	0	+	341	13528723	1.4698275862068966
Fetal_liver_erythroblast_rep9	fetal	liver	ATP2B4	ENST00000357681.5_exon_12	chr1	203681087	180	203681267	0	+	243	13528723	1.35
Fetal_liver_erythroblast_rep9	fetal	liver	ATP2B4	ENST00000357681.5_exon_13	chr1	203682292	88	203682380	0	+	171	13528723	1.9431818181818181
Fetal_liver_erythroblast_rep9	fetal	liver	ATP2B4	ENST00000357681.5_exon_14	chr1	203683298	107	203683405	0	+	174	13528723	1.6261682242990654
Fetal_liver_erythroblast_rep9	fetal	liver	ATP2B4	ENST00000357681.5_exon_15	chr1	203689676	192	203689868	0	+	254	13528723	1.3229166666666667
Fetal_liver_erythroblast_rep9	fetal	liver	ATP2B4	ENST00000357681.5_exon_16	chr1	203690324	214	203690538	0	+	278	13528723	1.2990654205607477
Fetal_liver_erythroblast_rep9	fetal	liver	ATP2B4	ENST00000357681.5_exon_17	chr1	203691605	212	203691817	0	+	253	13528723	1.1933962264150944
Fetal_liver_erythroblast_rep9	fetal	liver	ATP2B4	ENST00000357681.5_exon_18	chr1	203693008	108	203693116	0	+	157	13528723	1.4537037037037037
Fetal_liver_erythroblast_rep9	fetal	liver	ATP2B4	ENST00000357681.5_exon_19	chr1	203696522	177	203696699	0	+	229	13528723	1.2937853107344632
Fetal_liver_erythroblast_rep9	fetal	liver	ATP2B4	ENST00000357681.5_exon_20	chr1	203708673	4536	203713209	0	+	2020	13528723	0.445326278659612
Fetal_liver_erythroblast_rep9	fetal	liver	ATP2B4	alternative_exon_1	chr1	203651123	243	203651366	0	+	146	13528723	0.6008230452674898
Fetal_liver_erythroblast_rep9	fetal	liver	ATP2B4	ENST00000367218.3_exon_20	chr1	203702350	178	203702528	0	+	97	13528723	0.5449438202247191
