{
    "report_data_sources": {
        "Samtools": {
            "stats": {
                "QG0033-C": "/Users/gav/Projects/Teaching/GMS/statistics-course/Next_Generation_Sequencing/practicals/ngs_processing_pipeline/solutions/results/stats/QG0033-C.stats.txt",
                "QG0041-C": "/Users/gav/Projects/Teaching/GMS/statistics-course/Next_Generation_Sequencing/practicals/ngs_processing_pipeline/solutions/results/stats/QG0041-C.stats.txt",
                "QG0049-C": "/Users/gav/Projects/Teaching/GMS/statistics-course/Next_Generation_Sequencing/practicals/ngs_processing_pipeline/solutions/results/stats/QG0049-C.stats.txt",
                "QG0056-C": "/Users/gav/Projects/Teaching/GMS/statistics-course/Next_Generation_Sequencing/practicals/ngs_processing_pipeline/solutions/results/stats/QG0056-C.stats.txt",
                "QG0088-C": "/Users/gav/Projects/Teaching/GMS/statistics-course/Next_Generation_Sequencing/practicals/ngs_processing_pipeline/solutions/results/stats/QG0088-C.stats.txt"
            },
            "flagstat": {
                "QG0033-C": "/Users/gav/Projects/Teaching/GMS/statistics-course/Next_Generation_Sequencing/practicals/ngs_processing_pipeline/solutions/results/stats/QG0033-C.flagstats.txt",
                "QG0041-C": "/Users/gav/Projects/Teaching/GMS/statistics-course/Next_Generation_Sequencing/practicals/ngs_processing_pipeline/solutions/results/stats/QG0041-C.flagstats.txt",
                "QG0049-C": "/Users/gav/Projects/Teaching/GMS/statistics-course/Next_Generation_Sequencing/practicals/ngs_processing_pipeline/solutions/results/stats/QG0049-C.flagstats.txt",
                "QG0056-C": "/Users/gav/Projects/Teaching/GMS/statistics-course/Next_Generation_Sequencing/practicals/ngs_processing_pipeline/solutions/results/stats/QG0056-C.flagstats.txt",
                "QG0088-C": "/Users/gav/Projects/Teaching/GMS/statistics-course/Next_Generation_Sequencing/practicals/ngs_processing_pipeline/solutions/results/stats/QG0088-C.flagstats.txt"
            }
        }
    },
    "report_general_stats_data": [
        {
            "QG0033-C": {
                "raw_total_sequences": 4000000.0,
                "filtered_sequences": 0.0,
                "sequences": 4000000.0,
                "is_sorted": 1.0,
                "1st_fragments": 2000000.0,
                "last_fragments": 2000000.0,
                "reads_mapped": 3746756.0,
                "reads_mapped_and_paired": 3731530.0,
                "reads_unmapped": 253244.0,
                "reads_properly_paired": 3537690.0,
                "reads_paired": 4000000.0,
                "reads_duplicated": 5645.0,
                "reads_MQ0": 154401.0,
                "reads_QC_failed": 0.0,
                "non-primary_alignments": 0.0,
                "total_length": 400000000.0,
                "total_first_fragment_length": 200000000.0,
                "total_last_fragment_length": 200000000.0,
                "bases_mapped": 374675600.0,
                "bases_mapped_(cigar)": 366581633.0,
                "bases_trimmed": 0.0,
                "bases_duplicated": 564500.0,
                "mismatches": 3053611.0,
                "error_rate": 0.008329961,
                "average_length": 100.0,
                "average_first_fragment_length": 100.0,
                "average_last_fragment_length": 100.0,
                "maximum_length": 100.0,
                "maximum_first_fragment_length": 100.0,
                "maximum_last_fragment_length": 100.0,
                "average_quality": 35.2,
                "insert_size_average": 243.6,
                "insert_size_standard_deviation": 66.4,
                "inward_oriented_pairs": 1779529.0,
                "outward_oriented_pairs": 6209.0,
                "pairs_with_other_orientation": 5474.0,
                "pairs_on_different_chromosomes": 79305.0,
                "percentage_of_properly_paired_reads_(%)": 88.4,
                "reads_mapped_percent": 93.6689,
                "reads_mapped_and_paired_percent": 93.28824999999999,
                "reads_unmapped_percent": 6.331100000000001,
                "reads_properly_paired_percent": 88.44225,
                "reads_paired_percent": 100.0,
                "reads_duplicated_percent": 0.141125,
                "reads_MQ0_percent": 3.8600250000000003,
                "reads_QC_failed_percent": 0.0
            },
            "QG0041-C": {
                "raw_total_sequences": 4000000.0,
                "filtered_sequences": 0.0,
                "sequences": 4000000.0,
                "is_sorted": 1.0,
                "1st_fragments": 2000000.0,
                "last_fragments": 2000000.0,
                "reads_mapped": 3645813.0,
                "reads_mapped_and_paired": 3630386.0,
                "reads_unmapped": 354187.0,
                "reads_properly_paired": 3436318.0,
                "reads_paired": 4000000.0,
                "reads_duplicated": 6987.0,
                "reads_MQ0": 150140.0,
                "reads_QC_failed": 0.0,
                "non-primary_alignments": 0.0,
                "total_length": 400000000.0,
                "total_first_fragment_length": 200000000.0,
                "total_last_fragment_length": 200000000.0,
                "bases_mapped": 364581300.0,
                "bases_mapped_(cigar)": 356798594.0,
                "bases_trimmed": 0.0,
                "bases_duplicated": 698700.0,
                "mismatches": 2892899.0,
                "error_rate": 0.008107933,
                "average_length": 100.0,
                "average_first_fragment_length": 100.0,
                "average_last_fragment_length": 100.0,
                "maximum_length": 100.0,
                "maximum_first_fragment_length": 100.0,
                "maximum_last_fragment_length": 100.0,
                "average_quality": 35.2,
                "insert_size_average": 242.3,
                "insert_size_standard_deviation": 67.3,
                "inward_oriented_pairs": 1730051.0,
                "outward_oriented_pairs": 6319.0,
                "pairs_with_other_orientation": 5301.0,
                "pairs_on_different_chromosomes": 78048.0,
                "percentage_of_properly_paired_reads_(%)": 85.9,
                "reads_mapped_percent": 91.145325,
                "reads_mapped_and_paired_percent": 90.75965000000001,
                "reads_unmapped_percent": 8.854674999999999,
                "reads_properly_paired_percent": 85.90795,
                "reads_paired_percent": 100.0,
                "reads_duplicated_percent": 0.174675,
                "reads_MQ0_percent": 3.7535,
                "reads_QC_failed_percent": 0.0
            },
            "QG0049-C": {
                "raw_total_sequences": 4000000.0,
                "filtered_sequences": 0.0,
                "sequences": 4000000.0,
                "is_sorted": 1.0,
                "1st_fragments": 2000000.0,
                "last_fragments": 2000000.0,
                "reads_mapped": 2597045.0,
                "reads_mapped_and_paired": 2572306.0,
                "reads_unmapped": 1402955.0,
                "reads_properly_paired": 2329484.0,
                "reads_paired": 4000000.0,
                "reads_duplicated": 7753.0,
                "reads_MQ0": 163530.0,
                "reads_QC_failed": 0.0,
                "non-primary_alignments": 0.0,
                "total_length": 400000000.0,
                "total_first_fragment_length": 200000000.0,
                "total_last_fragment_length": 200000000.0,
                "bases_mapped": 259704500.0,
                "bases_mapped_(cigar)": 251545743.0,
                "bases_trimmed": 0.0,
                "bases_duplicated": 775300.0,
                "mismatches": 2508658.0,
                "error_rate": 0.009972969,
                "average_length": 100.0,
                "average_first_fragment_length": 100.0,
                "average_last_fragment_length": 100.0,
                "maximum_length": 100.0,
                "maximum_first_fragment_length": 100.0,
                "maximum_last_fragment_length": 100.0,
                "average_quality": 34.4,
                "insert_size_average": 222.1,
                "insert_size_standard_deviation": 61.8,
                "inward_oriented_pairs": 1169897.0,
                "outward_oriented_pairs": 8590.0,
                "pairs_with_other_orientation": 7525.0,
                "pairs_on_different_chromosomes": 105771.0,
                "percentage_of_properly_paired_reads_(%)": 58.2,
                "reads_mapped_percent": 64.926125,
                "reads_mapped_and_paired_percent": 64.30765000000001,
                "reads_unmapped_percent": 35.073875,
                "reads_properly_paired_percent": 58.2371,
                "reads_paired_percent": 100.0,
                "reads_duplicated_percent": 0.193825,
                "reads_MQ0_percent": 4.08825,
                "reads_QC_failed_percent": 0.0
            },
            "QG0056-C": {
                "raw_total_sequences": 4000000.0,
                "filtered_sequences": 0.0,
                "sequences": 4000000.0,
                "is_sorted": 1.0,
                "1st_fragments": 2000000.0,
                "last_fragments": 2000000.0,
                "reads_mapped": 3891869.0,
                "reads_mapped_and_paired": 3867244.0,
                "reads_unmapped": 108131.0,
                "reads_properly_paired": 3656804.0,
                "reads_paired": 4000000.0,
                "reads_duplicated": 11009.0,
                "reads_MQ0": 166698.0,
                "reads_QC_failed": 0.0,
                "non-primary_alignments": 0.0,
                "total_length": 400000000.0,
                "total_first_fragment_length": 200000000.0,
                "total_last_fragment_length": 200000000.0,
                "bases_mapped": 389186900.0,
                "bases_mapped_(cigar)": 380614840.0,
                "bases_trimmed": 0.0,
                "bases_duplicated": 1100900.0,
                "mismatches": 3130209.0,
                "error_rate": 0.008224085,
                "average_length": 100.0,
                "average_first_fragment_length": 100.0,
                "average_last_fragment_length": 100.0,
                "maximum_length": 100.0,
                "maximum_first_fragment_length": 100.0,
                "maximum_last_fragment_length": 100.0,
                "average_quality": 35.8,
                "insert_size_average": 238.6,
                "insert_size_standard_deviation": 63.7,
                "inward_oriented_pairs": 1836906.0,
                "outward_oriented_pairs": 7330.0,
                "pairs_with_other_orientation": 5584.0,
                "pairs_on_different_chromosomes": 88117.0,
                "percentage_of_properly_paired_reads_(%)": 91.4,
                "reads_mapped_percent": 97.296725,
                "reads_mapped_and_paired_percent": 96.6811,
                "reads_unmapped_percent": 2.703275,
                "reads_properly_paired_percent": 91.4201,
                "reads_paired_percent": 100.0,
                "reads_duplicated_percent": 0.275225,
                "reads_MQ0_percent": 4.1674500000000005,
                "reads_QC_failed_percent": 0.0
            },
            "QG0088-C": {
                "raw_total_sequences": 4000000.0,
                "filtered_sequences": 0.0,
                "sequences": 4000000.0,
                "is_sorted": 1.0,
                "1st_fragments": 2000000.0,
                "last_fragments": 2000000.0,
                "reads_mapped": 2082705.0,
                "reads_mapped_and_paired": 2072704.0,
                "reads_unmapped": 1917295.0,
                "reads_properly_paired": 1944424.0,
                "reads_paired": 4000000.0,
                "reads_duplicated": 4254.0,
                "reads_MQ0": 101861.0,
                "reads_QC_failed": 0.0,
                "non-primary_alignments": 0.0,
                "total_length": 400000000.0,
                "total_first_fragment_length": 200000000.0,
                "total_last_fragment_length": 200000000.0,
                "bases_mapped": 208270500.0,
                "bases_mapped_(cigar)": 203455474.0,
                "bases_trimmed": 0.0,
                "bases_duplicated": 425400.0,
                "mismatches": 1755230.0,
                "error_rate": 0.008627096,
                "average_length": 100.0,
                "average_first_fragment_length": 100.0,
                "average_last_fragment_length": 100.0,
                "maximum_length": 100.0,
                "maximum_first_fragment_length": 100.0,
                "maximum_last_fragment_length": 100.0,
                "average_quality": 35.0,
                "insert_size_average": 241.3,
                "insert_size_standard_deviation": 68.7,
                "inward_oriented_pairs": 976141.0,
                "outward_oriented_pairs": 3958.0,
                "pairs_with_other_orientation": 3097.0,
                "pairs_on_different_chromosomes": 55403.0,
                "percentage_of_properly_paired_reads_(%)": 48.6,
                "reads_mapped_percent": 52.06762499999999,
                "reads_mapped_and_paired_percent": 51.8176,
                "reads_unmapped_percent": 47.932375,
                "reads_properly_paired_percent": 48.6106,
                "reads_paired_percent": 100.0,
                "reads_duplicated_percent": 0.10635,
                "reads_MQ0_percent": 2.546525,
                "reads_QC_failed_percent": 0.0
            }
        },
        {
            "QG0033-C": {
                "total_passed": 4057972,
                "total_failed": 0,
                "secondary_passed": 0,
                "secondary_failed": 0,
                "supplementary_passed": 57972,
                "supplementary_failed": 0,
                "duplicates_passed": 5645,
                "duplicates_failed": 0,
                "mapped_passed": 3804728,
                "mapped_failed": 0,
                "mapped_passed_pct": 93.76,
                "mapped_failed_pct": NaN,
                "paired in sequencing_passed": 4000000,
                "paired in sequencing_failed": 0,
                "read1_passed": 2000000,
                "read1_failed": 0,
                "read2_passed": 2000000,
                "read2_failed": 0,
                "properly paired_passed": 3537690,
                "properly paired_failed": 0,
                "properly paired_passed_pct": 88.44,
                "properly paired_failed_pct": NaN,
                "with itself and mate mapped_passed": 3731530,
                "with itself and mate mapped_failed": 0,
                "singletons_passed": 15226,
                "singletons_failed": 0,
                "singletons_passed_pct": 0.38,
                "singletons_failed_pct": NaN,
                "with mate mapped to a different chr_passed": 158610,
                "with mate mapped to a different chr_failed": 0,
                "with mate mapped to a different chr (mapQ >= 5)_passed": 91064,
                "with mate mapped to a different chr (mapQ >= 5)_failed": 0,
                "flagstat_total": 4057972
            },
            "QG0041-C": {
                "total_passed": 4055753,
                "total_failed": 0,
                "secondary_passed": 0,
                "secondary_failed": 0,
                "supplementary_passed": 55753,
                "supplementary_failed": 0,
                "duplicates_passed": 6987,
                "duplicates_failed": 0,
                "mapped_passed": 3701566,
                "mapped_failed": 0,
                "mapped_passed_pct": 91.27,
                "mapped_failed_pct": NaN,
                "paired in sequencing_passed": 4000000,
                "paired in sequencing_failed": 0,
                "read1_passed": 2000000,
                "read1_failed": 0,
                "read2_passed": 2000000,
                "read2_failed": 0,
                "properly paired_passed": 3436318,
                "properly paired_failed": 0,
                "properly paired_passed_pct": 85.91,
                "properly paired_failed_pct": NaN,
                "with itself and mate mapped_passed": 3630386,
                "with itself and mate mapped_failed": 0,
                "singletons_passed": 15427,
                "singletons_failed": 0,
                "singletons_passed_pct": 0.39,
                "singletons_failed_pct": NaN,
                "with mate mapped to a different chr_passed": 156096,
                "with mate mapped to a different chr_failed": 0,
                "with mate mapped to a different chr (mapQ >= 5)_passed": 88657,
                "with mate mapped to a different chr (mapQ >= 5)_failed": 0,
                "flagstat_total": 4055753
            },
            "QG0049-C": {
                "total_passed": 4059871,
                "total_failed": 0,
                "secondary_passed": 0,
                "secondary_failed": 0,
                "supplementary_passed": 59871,
                "supplementary_failed": 0,
                "duplicates_passed": 7753,
                "duplicates_failed": 0,
                "mapped_passed": 2656916,
                "mapped_failed": 0,
                "mapped_passed_pct": 65.44,
                "mapped_failed_pct": NaN,
                "paired in sequencing_passed": 4000000,
                "paired in sequencing_failed": 0,
                "read1_passed": 2000000,
                "read1_failed": 0,
                "read2_passed": 2000000,
                "read2_failed": 0,
                "properly paired_passed": 2329484,
                "properly paired_failed": 0,
                "properly paired_passed_pct": 58.24,
                "properly paired_failed_pct": NaN,
                "with itself and mate mapped_passed": 2572306,
                "with itself and mate mapped_failed": 0,
                "singletons_passed": 24739,
                "singletons_failed": 0,
                "singletons_passed_pct": 0.62,
                "singletons_failed_pct": NaN,
                "with mate mapped to a different chr_passed": 211542,
                "with mate mapped to a different chr_failed": 0,
                "with mate mapped to a different chr (mapQ >= 5)_passed": 127352,
                "with mate mapped to a different chr (mapQ >= 5)_failed": 0,
                "flagstat_total": 4059871
            },
            "QG0056-C": {
                "total_passed": 4052328,
                "total_failed": 0,
                "secondary_passed": 0,
                "secondary_failed": 0,
                "supplementary_passed": 52328,
                "supplementary_failed": 0,
                "duplicates_passed": 11009,
                "duplicates_failed": 0,
                "mapped_passed": 3944197,
                "mapped_failed": 0,
                "mapped_passed_pct": 97.33,
                "mapped_failed_pct": NaN,
                "paired in sequencing_passed": 4000000,
                "paired in sequencing_failed": 0,
                "read1_passed": 2000000,
                "read1_failed": 0,
                "read2_passed": 2000000,
                "read2_failed": 0,
                "properly paired_passed": 3656804,
                "properly paired_failed": 0,
                "properly paired_passed_pct": 91.42,
                "properly paired_failed_pct": NaN,
                "with itself and mate mapped_passed": 3867244,
                "with itself and mate mapped_failed": 0,
                "singletons_passed": 24625,
                "singletons_failed": 0,
                "singletons_passed_pct": 0.62,
                "singletons_failed_pct": NaN,
                "with mate mapped to a different chr_passed": 176234,
                "with mate mapped to a different chr_failed": 0,
                "with mate mapped to a different chr (mapQ >= 5)_passed": 101094,
                "with mate mapped to a different chr (mapQ >= 5)_failed": 0,
                "flagstat_total": 4052328
            },
            "QG0088-C": {
                "total_passed": 4035334,
                "total_failed": 0,
                "secondary_passed": 0,
                "secondary_failed": 0,
                "supplementary_passed": 35334,
                "supplementary_failed": 0,
                "duplicates_passed": 4254,
                "duplicates_failed": 0,
                "mapped_passed": 2118039,
                "mapped_failed": 0,
                "mapped_passed_pct": 52.49,
                "mapped_failed_pct": NaN,
                "paired in sequencing_passed": 4000000,
                "paired in sequencing_failed": 0,
                "read1_passed": 2000000,
                "read1_failed": 0,
                "read2_passed": 2000000,
                "read2_failed": 0,
                "properly paired_passed": 1944424,
                "properly paired_failed": 0,
                "properly paired_passed_pct": 48.61,
                "properly paired_failed_pct": NaN,
                "with itself and mate mapped_passed": 2072704,
                "with itself and mate mapped_failed": 0,
                "singletons_passed": 10001,
                "singletons_failed": 0,
                "singletons_passed_pct": 0.25,
                "singletons_failed_pct": NaN,
                "with mate mapped to a different chr_passed": 110806,
                "with mate mapped to a different chr_failed": 0,
                "with mate mapped to a different chr (mapQ >= 5)_passed": 61272,
                "with mate mapped to a different chr (mapQ >= 5)_failed": 0,
                "flagstat_total": 4035334
            }
        }
    ],
    "report_general_stats_headers": [
        {
            "error_rate": {
                "title": "Error rate",
                "description": "Error rate: mismatches (NM) / bases mapped (CIGAR)",
                "min": 0,
                "max": 100,
                "suffix": "%",
                "scale": "OrRd",
                "format": "{:,.2f}",
                "modify": 100.0,
                "namespace": "Samtools",
                "rid": "mqc-generalstats-samtools-error_rate",
                "colour": "55,126,184",
                "hidden": null,
                "ceiling": null,
                "floor": null,
                "minRange": null,
                "shared_key": null,
                "placement": 1000.0,
                "dmax": 100.0,
                "dmin": 0.0
            },
            "non-primary_alignments": {
                "title": "M Non-Primary",
                "description": "Non-primary alignments (millions)",
                "min": 0,
                "scale": "PuBu",
                "modify": 1e-06,
                "shared_key": "read_count",
                "namespace": "Samtools",
                "rid": "mqc-generalstats-samtools-non_primary_alignments",
                "format": "{:,.1f}",
                "colour": "55,126,184",
                "hidden": null,
                "max": null,
                "ceiling": null,
                "floor": null,
                "minRange": null,
                "placement": 1000.0,
                "dmax": 4.059871,
                "dmin": 0.0
            },
            "reads_mapped": {
                "title": "M Reads Mapped",
                "description": "Reads Mapped in the bam file (millions)",
                "min": 0,
                "modify": 1e-06,
                "shared_key": "read_count",
                "namespace": "Samtools",
                "rid": "mqc-generalstats-samtools-reads_mapped",
                "scale": "GnBu",
                "format": "{:,.1f}",
                "colour": "55,126,184",
                "hidden": null,
                "max": null,
                "ceiling": null,
                "floor": null,
                "minRange": null,
                "placement": 1000.0,
                "dmax": 4.059871,
                "dmin": 0.0
            },
            "reads_mapped_percent": {
                "title": "% Mapped",
                "description": "% Mapped Reads",
                "max": 100,
                "min": 0,
                "suffix": "%",
                "scale": "RdYlGn",
                "namespace": "Samtools",
                "rid": "mqc-generalstats-samtools-reads_mapped_percent",
                "format": "{:,.1f}",
                "colour": "55,126,184",
                "hidden": null,
                "ceiling": null,
                "floor": null,
                "minRange": null,
                "shared_key": null,
                "modify": null,
                "placement": 1000.0,
                "dmax": 100.0,
                "dmin": 0.0
            },
            "reads_properly_paired_percent": {
                "title": "% Proper Pairs",
                "description": "% Properly Paired Reads",
                "max": 100,
                "min": 0,
                "suffix": "%",
                "scale": "RdYlGn",
                "hidden": false,
                "namespace": "Samtools",
                "rid": "mqc-generalstats-samtools-reads_properly_paired_percent",
                "format": "{:,.1f}",
                "colour": "55,126,184",
                "ceiling": null,
                "floor": null,
                "minRange": null,
                "shared_key": null,
                "modify": null,
                "placement": 1000.0,
                "dmax": 100.0,
                "dmin": 0.0
            },
            "reads_MQ0_percent": {
                "title": "% MapQ 0 Reads",
                "description": "% of Reads that are Ambiguously Placed (MapQ=0)",
                "max": 100,
                "min": 0,
                "suffix": "%",
                "scale": "OrRd",
                "hidden": true,
                "namespace": "Samtools",
                "rid": "mqc-generalstats-samtools-reads_MQ0_percent",
                "format": "{:,.1f}",
                "colour": "55,126,184",
                "ceiling": null,
                "floor": null,
                "minRange": null,
                "shared_key": null,
                "modify": null,
                "placement": 1000.0,
                "dmax": 100.0,
                "dmin": 0.0
            },
            "raw_total_sequences": {
                "title": "M Total seqs",
                "description": "Total sequences in the bam file (millions)",
                "min": 0,
                "modify": 1e-06,
                "shared_key": "read_count",
                "namespace": "Samtools",
                "rid": "mqc-generalstats-samtools-raw_total_sequences",
                "scale": "GnBu",
                "format": "{:,.1f}",
                "colour": "55,126,184",
                "hidden": null,
                "max": null,
                "ceiling": null,
                "floor": null,
                "minRange": null,
                "placement": 1000.0,
                "dmax": 4.059871,
                "dmin": 0.0
            }
        },
        {
            "flagstat_total": {
                "title": "M Reads",
                "description": "Total reads in the bam file (millions)",
                "min": 0,
                "modify": 1e-06,
                "shared_key": "read_count",
                "placement": 100.0,
                "hidden": true,
                "namespace": "Samtools",
                "rid": "mqc-generalstats-samtools-flagstat_total",
                "scale": "GnBu",
                "format": "{:,.1f}",
                "colour": "77,175,74",
                "max": null,
                "ceiling": null,
                "floor": null,
                "minRange": null,
                "dmax": 4.059871,
                "dmin": 0.0
            },
            "mapped_passed": {
                "title": "M Reads Mapped",
                "description": "Reads Mapped in the bam file (millions)",
                "min": 0,
                "modify": 1e-06,
                "shared_key": "read_count",
                "placement": 101.0,
                "namespace": "Samtools",
                "rid": "mqc-generalstats-samtools-mapped_passed",
                "scale": "GnBu",
                "format": "{:,.1f}",
                "colour": "77,175,74",
                "hidden": null,
                "max": null,
                "ceiling": null,
                "floor": null,
                "minRange": null,
                "dmax": 4.059871,
                "dmin": 0.0
            }
        }
    ],
    "report_multiqc_command": "/opt/miniconda3/bin/multiqc -f -z -i post_alignment -o results/stats --file-list results/qc/tmp/stats_file_list.txt",
    "report_plot_data": {
        "samtools_alignment_plot": {
            "plot_type": "bar_graph",
            "samples": [
                [
                    "QG0033-C",
                    "QG0041-C",
                    "QG0049-C",
                    "QG0056-C",
                    "QG0088-C"
                ]
            ],
            "datasets": [
                [
                    {
                        "name": "Mapped",
                        "data": [
                            3746756.0,
                            3645813.0,
                            2597045.0,
                            3891869.0,
                            2082705.0
                        ],
                        "color": "#437bb1"
                    },
                    {
                        "name": "Unmapped",
                        "data": [
                            253244.0,
                            354187.0,
                            1402955.0,
                            108131.0,
                            1917295.0
                        ],
                        "color": "#b1084c"
                    }
                ]
            ],
            "config": {
                "id": "samtools_alignment_plot",
                "title": "Samtools stats: Alignment Scores",
                "ylab": "# Reads",
                "cpswitch_counts_label": "Number of Reads"
            }
        },
        "samtools-stats-dp": {
            "plot_type": "beeswarm",
            "samples": [
                [
                    "QG0033-C",
                    "QG0041-C",
                    "QG0049-C",
                    "QG0056-C",
                    "QG0088-C"
                ],
                [
                    "QG0033-C",
                    "QG0041-C",
                    "QG0049-C",
                    "QG0056-C",
                    "QG0088-C"
                ],
                [
                    "QG0033-C",
                    "QG0041-C",
                    "QG0049-C",
                    "QG0056-C",
                    "QG0088-C"
                ],
                [
                    "QG0033-C",
                    "QG0041-C",
                    "QG0049-C",
                    "QG0056-C",
                    "QG0088-C"
                ],
                [
                    "QG0033-C",
                    "QG0041-C",
                    "QG0049-C",
                    "QG0056-C",
                    "QG0088-C"
                ],
                [
                    "QG0033-C",
                    "QG0041-C",
                    "QG0049-C",
                    "QG0056-C",
                    "QG0088-C"
                ],
                [
                    "QG0033-C",
                    "QG0041-C",
                    "QG0049-C",
                    "QG0056-C",
                    "QG0088-C"
                ],
                [
                    "QG0033-C",
                    "QG0041-C",
                    "QG0049-C",
                    "QG0056-C",
                    "QG0088-C"
                ],
                [
                    "QG0033-C",
                    "QG0041-C",
                    "QG0049-C",
                    "QG0056-C",
                    "QG0088-C"
                ],
                [
                    "QG0033-C",
                    "QG0041-C",
                    "QG0049-C",
                    "QG0056-C",
                    "QG0088-C"
                ],
                [
                    "QG0033-C",
                    "QG0041-C",
                    "QG0049-C",
                    "QG0056-C",
                    "QG0088-C"
                ],
                [
                    "QG0033-C",
                    "QG0041-C",
                    "QG0049-C",
                    "QG0056-C",
                    "QG0088-C"
                ],
                [
                    "QG0033-C",
                    "QG0041-C",
                    "QG0049-C",
                    "QG0056-C",
                    "QG0088-C"
                ]
            ],
            "datasets": [
                [
                    4.0,
                    4.0,
                    4.0,
                    4.0,
                    4.0
                ],
                [
                    3.73153,
                    3.630386,
                    2.572306,
                    3.867244,
                    2.072704
                ],
                [
                    3.53769,
                    3.436318,
                    2.329484,
                    3.656804,
                    1.944424
                ],
                [
                    0.005645,
                    0.006987,
                    0.007753,
                    0.011009,
                    0.004254
                ],
                [
                    0.0,
                    0.0,
                    0.0,
                    0.0,
                    0.0
                ],
                [
                    0.154401,
                    0.15014,
                    0.16353,
                    0.166698,
                    0.101861
                ],
                [
                    366.581633,
                    356.798594,
                    251.545743,
                    380.61484,
                    203.455474
                ],
                [
                    0.0,
                    0.0,
                    0.0,
                    0.0,
                    0.0
                ],
                [
                    0.5645,
                    0.6987,
                    0.7753,
                    1.1009,
                    0.4254
                ],
                [
                    0.079305,
                    0.078048,
                    0.105771,
                    0.088117,
                    0.055403
                ],
                [
                    0.005474,
                    0.005301,
                    0.007525,
                    0.005584,
                    0.003097
                ],
                [
                    1.779529,
                    1.730051,
                    1.169897,
                    1.836906,
                    0.976141
                ],
                [
                    0.006209,
                    0.006319,
                    0.00859,
                    0.00733,
                    0.003958
                ]
            ],
            "categories": [
                {
                    "namespace": "",
                    "title": "Total sequences",
                    "description": "Total sequences",
                    "max": 4.0,
                    "min": 0.0,
                    "suffix": "M reads",
                    "decimalPlaces": 2,
                    "bordercol": "rgb(55,126,184)"
                },
                {
                    "namespace": "",
                    "title": "Mapped &amp; paired",
                    "description": "Paired-end technology bit set + both mates mapped",
                    "max": 4.0,
                    "min": 0.0,
                    "suffix": "M reads",
                    "decimalPlaces": 2,
                    "bordercol": "rgb(55,126,184)"
                },
                {
                    "namespace": "",
                    "title": "Properly paired",
                    "description": "Proper-pair bit set",
                    "max": 4.0,
                    "min": 0.0,
                    "suffix": "M reads",
                    "decimalPlaces": 2,
                    "bordercol": "rgb(55,126,184)"
                },
                {
                    "namespace": "",
                    "title": "Duplicated",
                    "description": "PCR or optical duplicate bit set",
                    "max": 4.0,
                    "min": 0.0,
                    "suffix": "M reads",
                    "decimalPlaces": 2,
                    "bordercol": "rgb(55,126,184)"
                },
                {
                    "namespace": "",
                    "title": "QC Failed",
                    "description": "QC Failed",
                    "max": 4.0,
                    "min": 0.0,
                    "suffix": "M reads",
                    "decimalPlaces": 2,
                    "bordercol": "rgb(55,126,184)"
                },
                {
                    "namespace": "",
                    "title": "Reads MQ0",
                    "description": "Reads mapped and MQ=0",
                    "max": 4.0,
                    "min": 0.0,
                    "suffix": "M reads",
                    "decimalPlaces": 2,
                    "bordercol": "rgb(55,126,184)"
                },
                {
                    "namespace": "",
                    "title": "Mapped bases (CIGAR)",
                    "description": "Mapped bases (CIGAR)",
                    "max": 380.61484,
                    "min": 0.0,
                    "suffix": "M bases",
                    "decimalPlaces": 2,
                    "bordercol": "rgb(55,126,184)"
                },
                {
                    "namespace": "",
                    "title": "Bases Trimmed",
                    "description": "Bases Trimmed",
                    "max": 380.61484,
                    "min": 0.0,
                    "suffix": "M bases",
                    "decimalPlaces": 2,
                    "bordercol": "rgb(55,126,184)"
                },
                {
                    "namespace": "",
                    "title": "Duplicated bases",
                    "description": "Duplicated bases",
                    "max": 380.61484,
                    "min": 0.0,
                    "suffix": "M bases",
                    "decimalPlaces": 2,
                    "bordercol": "rgb(55,126,184)"
                },
                {
                    "namespace": "",
                    "title": "Diff chromosomes",
                    "description": "Pairs on different chromosomes",
                    "max": 4.0,
                    "min": 0.0,
                    "suffix": "M reads",
                    "decimalPlaces": 2,
                    "bordercol": "rgb(55,126,184)"
                },
                {
                    "namespace": "",
                    "title": "Other orientation",
                    "description": "Pairs with other orientation",
                    "max": 4.0,
                    "min": 0.0,
                    "suffix": "M reads",
                    "decimalPlaces": 2,
                    "bordercol": "rgb(55,126,184)"
                },
                {
                    "namespace": "",
                    "title": "Inward pairs",
                    "description": "Inward oriented pairs",
                    "max": 4.0,
                    "min": 0.0,
                    "suffix": "M reads",
                    "decimalPlaces": 2,
                    "bordercol": "rgb(55,126,184)"
                },
                {
                    "namespace": "",
                    "title": "Outward pairs",
                    "description": "Outward oriented pairs",
                    "max": 4.0,
                    "min": 0.0,
                    "suffix": "M reads",
                    "decimalPlaces": 2,
                    "bordercol": "rgb(55,126,184)"
                }
            ]
        },
        "samtools-flagstat-dp": {
            "plot_type": "beeswarm",
            "samples": [
                [
                    "QG0033-C",
                    "QG0041-C",
                    "QG0049-C",
                    "QG0056-C",
                    "QG0088-C"
                ],
                [
                    "QG0033-C",
                    "QG0041-C",
                    "QG0049-C",
                    "QG0056-C",
                    "QG0088-C"
                ],
                [
                    "QG0033-C",
                    "QG0041-C",
                    "QG0049-C",
                    "QG0056-C",
                    "QG0088-C"
                ],
                [
                    "QG0033-C",
                    "QG0041-C",
                    "QG0049-C",
                    "QG0056-C",
                    "QG0088-C"
                ],
                [
                    "QG0033-C",
                    "QG0041-C",
                    "QG0049-C",
                    "QG0056-C",
                    "QG0088-C"
                ],
                [
                    "QG0033-C",
                    "QG0041-C",
                    "QG0049-C",
                    "QG0056-C",
                    "QG0088-C"
                ],
                [
                    "QG0033-C",
                    "QG0041-C",
                    "QG0049-C",
                    "QG0056-C",
                    "QG0088-C"
                ],
                [
                    "QG0033-C",
                    "QG0041-C",
                    "QG0049-C",
                    "QG0056-C",
                    "QG0088-C"
                ],
                [
                    "QG0033-C",
                    "QG0041-C",
                    "QG0049-C",
                    "QG0056-C",
                    "QG0088-C"
                ],
                [
                    "QG0033-C",
                    "QG0041-C",
                    "QG0049-C",
                    "QG0056-C",
                    "QG0088-C"
                ],
                [
                    "QG0033-C",
                    "QG0041-C",
                    "QG0049-C",
                    "QG0056-C",
                    "QG0088-C"
                ]
            ],
            "datasets": [
                [
                    4.0579719999999995,
                    4.055753,
                    4.059871,
                    4.052328,
                    4.035334
                ],
                [
                    4.0579719999999995,
                    4.055753,
                    4.059871,
                    4.052328,
                    4.035334
                ],
                [
                    3.804728,
                    3.7015659999999997,
                    2.656916,
                    3.944197,
                    2.118039
                ],
                [
                    0.057971999999999996,
                    0.055753,
                    0.059871,
                    0.052328,
                    0.035334
                ],
                [
                    0.005645,
                    0.006986999999999999,
                    0.0077529999999999995,
                    0.011009,
                    0.004254
                ],
                [
                    4.0,
                    4.0,
                    4.0,
                    4.0,
                    4.0
                ],
                [
                    3.53769,
                    3.436318,
                    2.329484,
                    3.6568039999999997,
                    1.944424
                ],
                [
                    3.73153,
                    3.6303859999999997,
                    2.5723059999999998,
                    3.867244,
                    2.072704
                ],
                [
                    0.015226,
                    0.015427,
                    0.024739,
                    0.024624999999999998,
                    0.010001
                ],
                [
                    0.15861,
                    0.15609599999999998,
                    0.21154199999999998,
                    0.176234,
                    0.110806
                ],
                [
                    0.09106399999999999,
                    0.088657,
                    0.127352,
                    0.10109399999999999,
                    0.061272
                ]
            ],
            "categories": [
                {
                    "namespace": "",
                    "title": "Total Reads",
                    "description": "Total Reads",
                    "max": 4.059871,
                    "min": 0.0,
                    "suffix": "M reads",
                    "decimalPlaces": 2,
                    "bordercol": "rgb(55,126,184)"
                },
                {
                    "namespace": "",
                    "title": "Total Passed QC",
                    "description": "Total Passed QC",
                    "max": 4.059871,
                    "min": 0.0,
                    "suffix": "M reads",
                    "decimalPlaces": 2,
                    "bordercol": "rgb(55,126,184)"
                },
                {
                    "namespace": "",
                    "title": "Mapped",
                    "description": "Mapped",
                    "max": 4.059871,
                    "min": 0.0,
                    "suffix": "M reads",
                    "decimalPlaces": 2,
                    "bordercol": "rgb(55,126,184)"
                },
                {
                    "namespace": "",
                    "title": "Supplementary Alignments",
                    "description": "Supplementary Alignments",
                    "max": 4.059871,
                    "min": 0.0,
                    "suffix": "M reads",
                    "decimalPlaces": 2,
                    "bordercol": "rgb(55,126,184)"
                },
                {
                    "namespace": "",
                    "title": "Duplicates",
                    "description": "Duplicates",
                    "max": 4.059871,
                    "min": 0.0,
                    "suffix": "M reads",
                    "decimalPlaces": 2,
                    "bordercol": "rgb(55,126,184)"
                },
                {
                    "namespace": "",
                    "title": "Paired in Sequencing",
                    "description": "Paired in Sequencing",
                    "max": 4.059871,
                    "min": 0.0,
                    "suffix": "M reads",
                    "decimalPlaces": 2,
                    "bordercol": "rgb(55,126,184)"
                },
                {
                    "namespace": "",
                    "title": "Properly Paired",
                    "description": "Properly Paired",
                    "max": 4.059871,
                    "min": 0.0,
                    "suffix": "M reads",
                    "decimalPlaces": 2,
                    "bordercol": "rgb(55,126,184)"
                },
                {
                    "namespace": "",
                    "title": "Self and mate mapped",
                    "description": "Reads with itself and mate mapped",
                    "max": 4.059871,
                    "min": 0.0,
                    "suffix": "M reads",
                    "decimalPlaces": 2,
                    "bordercol": "rgb(55,126,184)"
                },
                {
                    "namespace": "",
                    "title": "Singletons",
                    "description": "Singletons",
                    "max": 4.059871,
                    "min": 0.0,
                    "suffix": "M reads",
                    "decimalPlaces": 2,
                    "bordercol": "rgb(55,126,184)"
                },
                {
                    "namespace": "",
                    "title": "Mate mapped to diff chr",
                    "description": "Mate mapped to different chromosome",
                    "max": 4.059871,
                    "min": 0.0,
                    "suffix": "M reads",
                    "decimalPlaces": 2,
                    "bordercol": "rgb(55,126,184)"
                },
                {
                    "namespace": "",
                    "title": "Diff chr (mapQ >= 5)",
                    "description": "Mate mapped to different chromosome (mapQ >= 5)",
                    "max": 4.059871,
                    "min": 0.0,
                    "suffix": "M reads",
                    "decimalPlaces": 2,
                    "bordercol": "rgb(55,126,184)"
                }
            ]
        }
    },
    "report_saved_raw_data": {
        "multiqc_samtools_stats": {
            "QG0033-C": {
                "raw_total_sequences": 4000000.0,
                "filtered_sequences": 0.0,
                "sequences": 4000000.0,
                "is_sorted": 1.0,
                "1st_fragments": 2000000.0,
                "last_fragments": 2000000.0,
                "reads_mapped": 3746756.0,
                "reads_mapped_and_paired": 3731530.0,
                "reads_unmapped": 253244.0,
                "reads_properly_paired": 3537690.0,
                "reads_paired": 4000000.0,
                "reads_duplicated": 5645.0,
                "reads_MQ0": 154401.0,
                "reads_QC_failed": 0.0,
                "non-primary_alignments": 0.0,
                "total_length": 400000000.0,
                "total_first_fragment_length": 200000000.0,
                "total_last_fragment_length": 200000000.0,
                "bases_mapped": 374675600.0,
                "bases_mapped_(cigar)": 366581633.0,
                "bases_trimmed": 0.0,
                "bases_duplicated": 564500.0,
                "mismatches": 3053611.0,
                "error_rate": 0.008329961,
                "average_length": 100.0,
                "average_first_fragment_length": 100.0,
                "average_last_fragment_length": 100.0,
                "maximum_length": 100.0,
                "maximum_first_fragment_length": 100.0,
                "maximum_last_fragment_length": 100.0,
                "average_quality": 35.2,
                "insert_size_average": 243.6,
                "insert_size_standard_deviation": 66.4,
                "inward_oriented_pairs": 1779529.0,
                "outward_oriented_pairs": 6209.0,
                "pairs_with_other_orientation": 5474.0,
                "pairs_on_different_chromosomes": 79305.0,
                "percentage_of_properly_paired_reads_(%)": 88.4,
                "reads_mapped_percent": 93.6689,
                "reads_mapped_and_paired_percent": 93.28824999999999,
                "reads_unmapped_percent": 6.331100000000001,
                "reads_properly_paired_percent": 88.44225,
                "reads_paired_percent": 100.0,
                "reads_duplicated_percent": 0.141125,
                "reads_MQ0_percent": 3.8600250000000003,
                "reads_QC_failed_percent": 0.0
            },
            "QG0041-C": {
                "raw_total_sequences": 4000000.0,
                "filtered_sequences": 0.0,
                "sequences": 4000000.0,
                "is_sorted": 1.0,
                "1st_fragments": 2000000.0,
                "last_fragments": 2000000.0,
                "reads_mapped": 3645813.0,
                "reads_mapped_and_paired": 3630386.0,
                "reads_unmapped": 354187.0,
                "reads_properly_paired": 3436318.0,
                "reads_paired": 4000000.0,
                "reads_duplicated": 6987.0,
                "reads_MQ0": 150140.0,
                "reads_QC_failed": 0.0,
                "non-primary_alignments": 0.0,
                "total_length": 400000000.0,
                "total_first_fragment_length": 200000000.0,
                "total_last_fragment_length": 200000000.0,
                "bases_mapped": 364581300.0,
                "bases_mapped_(cigar)": 356798594.0,
                "bases_trimmed": 0.0,
                "bases_duplicated": 698700.0,
                "mismatches": 2892899.0,
                "error_rate": 0.008107933,
                "average_length": 100.0,
                "average_first_fragment_length": 100.0,
                "average_last_fragment_length": 100.0,
                "maximum_length": 100.0,
                "maximum_first_fragment_length": 100.0,
                "maximum_last_fragment_length": 100.0,
                "average_quality": 35.2,
                "insert_size_average": 242.3,
                "insert_size_standard_deviation": 67.3,
                "inward_oriented_pairs": 1730051.0,
                "outward_oriented_pairs": 6319.0,
                "pairs_with_other_orientation": 5301.0,
                "pairs_on_different_chromosomes": 78048.0,
                "percentage_of_properly_paired_reads_(%)": 85.9,
                "reads_mapped_percent": 91.145325,
                "reads_mapped_and_paired_percent": 90.75965000000001,
                "reads_unmapped_percent": 8.854674999999999,
                "reads_properly_paired_percent": 85.90795,
                "reads_paired_percent": 100.0,
                "reads_duplicated_percent": 0.174675,
                "reads_MQ0_percent": 3.7535,
                "reads_QC_failed_percent": 0.0
            },
            "QG0049-C": {
                "raw_total_sequences": 4000000.0,
                "filtered_sequences": 0.0,
                "sequences": 4000000.0,
                "is_sorted": 1.0,
                "1st_fragments": 2000000.0,
                "last_fragments": 2000000.0,
                "reads_mapped": 2597045.0,
                "reads_mapped_and_paired": 2572306.0,
                "reads_unmapped": 1402955.0,
                "reads_properly_paired": 2329484.0,
                "reads_paired": 4000000.0,
                "reads_duplicated": 7753.0,
                "reads_MQ0": 163530.0,
                "reads_QC_failed": 0.0,
                "non-primary_alignments": 0.0,
                "total_length": 400000000.0,
                "total_first_fragment_length": 200000000.0,
                "total_last_fragment_length": 200000000.0,
                "bases_mapped": 259704500.0,
                "bases_mapped_(cigar)": 251545743.0,
                "bases_trimmed": 0.0,
                "bases_duplicated": 775300.0,
                "mismatches": 2508658.0,
                "error_rate": 0.009972969,
                "average_length": 100.0,
                "average_first_fragment_length": 100.0,
                "average_last_fragment_length": 100.0,
                "maximum_length": 100.0,
                "maximum_first_fragment_length": 100.0,
                "maximum_last_fragment_length": 100.0,
                "average_quality": 34.4,
                "insert_size_average": 222.1,
                "insert_size_standard_deviation": 61.8,
                "inward_oriented_pairs": 1169897.0,
                "outward_oriented_pairs": 8590.0,
                "pairs_with_other_orientation": 7525.0,
                "pairs_on_different_chromosomes": 105771.0,
                "percentage_of_properly_paired_reads_(%)": 58.2,
                "reads_mapped_percent": 64.926125,
                "reads_mapped_and_paired_percent": 64.30765000000001,
                "reads_unmapped_percent": 35.073875,
                "reads_properly_paired_percent": 58.2371,
                "reads_paired_percent": 100.0,
                "reads_duplicated_percent": 0.193825,
                "reads_MQ0_percent": 4.08825,
                "reads_QC_failed_percent": 0.0
            },
            "QG0056-C": {
                "raw_total_sequences": 4000000.0,
                "filtered_sequences": 0.0,
                "sequences": 4000000.0,
                "is_sorted": 1.0,
                "1st_fragments": 2000000.0,
                "last_fragments": 2000000.0,
                "reads_mapped": 3891869.0,
                "reads_mapped_and_paired": 3867244.0,
                "reads_unmapped": 108131.0,
                "reads_properly_paired": 3656804.0,
                "reads_paired": 4000000.0,
                "reads_duplicated": 11009.0,
                "reads_MQ0": 166698.0,
                "reads_QC_failed": 0.0,
                "non-primary_alignments": 0.0,
                "total_length": 400000000.0,
                "total_first_fragment_length": 200000000.0,
                "total_last_fragment_length": 200000000.0,
                "bases_mapped": 389186900.0,
                "bases_mapped_(cigar)": 380614840.0,
                "bases_trimmed": 0.0,
                "bases_duplicated": 1100900.0,
                "mismatches": 3130209.0,
                "error_rate": 0.008224085,
                "average_length": 100.0,
                "average_first_fragment_length": 100.0,
                "average_last_fragment_length": 100.0,
                "maximum_length": 100.0,
                "maximum_first_fragment_length": 100.0,
                "maximum_last_fragment_length": 100.0,
                "average_quality": 35.8,
                "insert_size_average": 238.6,
                "insert_size_standard_deviation": 63.7,
                "inward_oriented_pairs": 1836906.0,
                "outward_oriented_pairs": 7330.0,
                "pairs_with_other_orientation": 5584.0,
                "pairs_on_different_chromosomes": 88117.0,
                "percentage_of_properly_paired_reads_(%)": 91.4,
                "reads_mapped_percent": 97.296725,
                "reads_mapped_and_paired_percent": 96.6811,
                "reads_unmapped_percent": 2.703275,
                "reads_properly_paired_percent": 91.4201,
                "reads_paired_percent": 100.0,
                "reads_duplicated_percent": 0.275225,
                "reads_MQ0_percent": 4.1674500000000005,
                "reads_QC_failed_percent": 0.0
            },
            "QG0088-C": {
                "raw_total_sequences": 4000000.0,
                "filtered_sequences": 0.0,
                "sequences": 4000000.0,
                "is_sorted": 1.0,
                "1st_fragments": 2000000.0,
                "last_fragments": 2000000.0,
                "reads_mapped": 2082705.0,
                "reads_mapped_and_paired": 2072704.0,
                "reads_unmapped": 1917295.0,
                "reads_properly_paired": 1944424.0,
                "reads_paired": 4000000.0,
                "reads_duplicated": 4254.0,
                "reads_MQ0": 101861.0,
                "reads_QC_failed": 0.0,
                "non-primary_alignments": 0.0,
                "total_length": 400000000.0,
                "total_first_fragment_length": 200000000.0,
                "total_last_fragment_length": 200000000.0,
                "bases_mapped": 208270500.0,
                "bases_mapped_(cigar)": 203455474.0,
                "bases_trimmed": 0.0,
                "bases_duplicated": 425400.0,
                "mismatches": 1755230.0,
                "error_rate": 0.008627096,
                "average_length": 100.0,
                "average_first_fragment_length": 100.0,
                "average_last_fragment_length": 100.0,
                "maximum_length": 100.0,
                "maximum_first_fragment_length": 100.0,
                "maximum_last_fragment_length": 100.0,
                "average_quality": 35.0,
                "insert_size_average": 241.3,
                "insert_size_standard_deviation": 68.7,
                "inward_oriented_pairs": 976141.0,
                "outward_oriented_pairs": 3958.0,
                "pairs_with_other_orientation": 3097.0,
                "pairs_on_different_chromosomes": 55403.0,
                "percentage_of_properly_paired_reads_(%)": 48.6,
                "reads_mapped_percent": 52.06762499999999,
                "reads_mapped_and_paired_percent": 51.8176,
                "reads_unmapped_percent": 47.932375,
                "reads_properly_paired_percent": 48.6106,
                "reads_paired_percent": 100.0,
                "reads_duplicated_percent": 0.10635,
                "reads_MQ0_percent": 2.546525,
                "reads_QC_failed_percent": 0.0
            }
        },
        "multiqc_samtools_flagstat": {
            "QG0033-C": {
                "total_passed": 4057972,
                "total_failed": 0,
                "secondary_passed": 0,
                "secondary_failed": 0,
                "supplementary_passed": 57972,
                "supplementary_failed": 0,
                "duplicates_passed": 5645,
                "duplicates_failed": 0,
                "mapped_passed": 3804728,
                "mapped_failed": 0,
                "mapped_passed_pct": 93.76,
                "mapped_failed_pct": NaN,
                "paired in sequencing_passed": 4000000,
                "paired in sequencing_failed": 0,
                "read1_passed": 2000000,
                "read1_failed": 0,
                "read2_passed": 2000000,
                "read2_failed": 0,
                "properly paired_passed": 3537690,
                "properly paired_failed": 0,
                "properly paired_passed_pct": 88.44,
                "properly paired_failed_pct": NaN,
                "with itself and mate mapped_passed": 3731530,
                "with itself and mate mapped_failed": 0,
                "singletons_passed": 15226,
                "singletons_failed": 0,
                "singletons_passed_pct": 0.38,
                "singletons_failed_pct": NaN,
                "with mate mapped to a different chr_passed": 158610,
                "with mate mapped to a different chr_failed": 0,
                "with mate mapped to a different chr (mapQ >= 5)_passed": 91064,
                "with mate mapped to a different chr (mapQ >= 5)_failed": 0,
                "flagstat_total": 4057972
            },
            "QG0041-C": {
                "total_passed": 4055753,
                "total_failed": 0,
                "secondary_passed": 0,
                "secondary_failed": 0,
                "supplementary_passed": 55753,
                "supplementary_failed": 0,
                "duplicates_passed": 6987,
                "duplicates_failed": 0,
                "mapped_passed": 3701566,
                "mapped_failed": 0,
                "mapped_passed_pct": 91.27,
                "mapped_failed_pct": NaN,
                "paired in sequencing_passed": 4000000,
                "paired in sequencing_failed": 0,
                "read1_passed": 2000000,
                "read1_failed": 0,
                "read2_passed": 2000000,
                "read2_failed": 0,
                "properly paired_passed": 3436318,
                "properly paired_failed": 0,
                "properly paired_passed_pct": 85.91,
                "properly paired_failed_pct": NaN,
                "with itself and mate mapped_passed": 3630386,
                "with itself and mate mapped_failed": 0,
                "singletons_passed": 15427,
                "singletons_failed": 0,
                "singletons_passed_pct": 0.39,
                "singletons_failed_pct": NaN,
                "with mate mapped to a different chr_passed": 156096,
                "with mate mapped to a different chr_failed": 0,
                "with mate mapped to a different chr (mapQ >= 5)_passed": 88657,
                "with mate mapped to a different chr (mapQ >= 5)_failed": 0,
                "flagstat_total": 4055753
            },
            "QG0049-C": {
                "total_passed": 4059871,
                "total_failed": 0,
                "secondary_passed": 0,
                "secondary_failed": 0,
                "supplementary_passed": 59871,
                "supplementary_failed": 0,
                "duplicates_passed": 7753,
                "duplicates_failed": 0,
                "mapped_passed": 2656916,
                "mapped_failed": 0,
                "mapped_passed_pct": 65.44,
                "mapped_failed_pct": NaN,
                "paired in sequencing_passed": 4000000,
                "paired in sequencing_failed": 0,
                "read1_passed": 2000000,
                "read1_failed": 0,
                "read2_passed": 2000000,
                "read2_failed": 0,
                "properly paired_passed": 2329484,
                "properly paired_failed": 0,
                "properly paired_passed_pct": 58.24,
                "properly paired_failed_pct": NaN,
                "with itself and mate mapped_passed": 2572306,
                "with itself and mate mapped_failed": 0,
                "singletons_passed": 24739,
                "singletons_failed": 0,
                "singletons_passed_pct": 0.62,
                "singletons_failed_pct": NaN,
                "with mate mapped to a different chr_passed": 211542,
                "with mate mapped to a different chr_failed": 0,
                "with mate mapped to a different chr (mapQ >= 5)_passed": 127352,
                "with mate mapped to a different chr (mapQ >= 5)_failed": 0,
                "flagstat_total": 4059871
            },
            "QG0056-C": {
                "total_passed": 4052328,
                "total_failed": 0,
                "secondary_passed": 0,
                "secondary_failed": 0,
                "supplementary_passed": 52328,
                "supplementary_failed": 0,
                "duplicates_passed": 11009,
                "duplicates_failed": 0,
                "mapped_passed": 3944197,
                "mapped_failed": 0,
                "mapped_passed_pct": 97.33,
                "mapped_failed_pct": NaN,
                "paired in sequencing_passed": 4000000,
                "paired in sequencing_failed": 0,
                "read1_passed": 2000000,
                "read1_failed": 0,
                "read2_passed": 2000000,
                "read2_failed": 0,
                "properly paired_passed": 3656804,
                "properly paired_failed": 0,
                "properly paired_passed_pct": 91.42,
                "properly paired_failed_pct": NaN,
                "with itself and mate mapped_passed": 3867244,
                "with itself and mate mapped_failed": 0,
                "singletons_passed": 24625,
                "singletons_failed": 0,
                "singletons_passed_pct": 0.62,
                "singletons_failed_pct": NaN,
                "with mate mapped to a different chr_passed": 176234,
                "with mate mapped to a different chr_failed": 0,
                "with mate mapped to a different chr (mapQ >= 5)_passed": 101094,
                "with mate mapped to a different chr (mapQ >= 5)_failed": 0,
                "flagstat_total": 4052328
            },
            "QG0088-C": {
                "total_passed": 4035334,
                "total_failed": 0,
                "secondary_passed": 0,
                "secondary_failed": 0,
                "supplementary_passed": 35334,
                "supplementary_failed": 0,
                "duplicates_passed": 4254,
                "duplicates_failed": 0,
                "mapped_passed": 2118039,
                "mapped_failed": 0,
                "mapped_passed_pct": 52.49,
                "mapped_failed_pct": NaN,
                "paired in sequencing_passed": 4000000,
                "paired in sequencing_failed": 0,
                "read1_passed": 2000000,
                "read1_failed": 0,
                "read2_passed": 2000000,
                "read2_failed": 0,
                "properly paired_passed": 1944424,
                "properly paired_failed": 0,
                "properly paired_passed_pct": 48.61,
                "properly paired_failed_pct": NaN,
                "with itself and mate mapped_passed": 2072704,
                "with itself and mate mapped_failed": 0,
                "singletons_passed": 10001,
                "singletons_failed": 0,
                "singletons_passed_pct": 0.25,
                "singletons_failed_pct": NaN,
                "with mate mapped to a different chr_passed": 110806,
                "with mate mapped to a different chr_failed": 0,
                "with mate mapped to a different chr (mapQ >= 5)_passed": 61272,
                "with mate mapped to a different chr (mapQ >= 5)_failed": 0,
                "flagstat_total": 4035334
            }
        },
        "multiqc_general_stats": {
            "QG0033-C": {
                "Samtools_mqc-generalstats-samtools-flagstat_total": 4057972,
                "Samtools_mqc-generalstats-samtools-mapped_passed": 3804728,
                "Samtools_mqc-generalstats-samtools-error_rate": 0.008329961,
                "Samtools_mqc-generalstats-samtools-non_primary_alignments": 0.0,
                "Samtools_mqc-generalstats-samtools-reads_mapped": 3746756.0,
                "Samtools_mqc-generalstats-samtools-reads_mapped_percent": 93.6689,
                "Samtools_mqc-generalstats-samtools-reads_properly_paired_percent": 88.44225,
                "Samtools_mqc-generalstats-samtools-reads_MQ0_percent": 3.8600250000000003,
                "Samtools_mqc-generalstats-samtools-raw_total_sequences": 4000000.0
            },
            "QG0041-C": {
                "Samtools_mqc-generalstats-samtools-flagstat_total": 4055753,
                "Samtools_mqc-generalstats-samtools-mapped_passed": 3701566,
                "Samtools_mqc-generalstats-samtools-error_rate": 0.008107933,
                "Samtools_mqc-generalstats-samtools-non_primary_alignments": 0.0,
                "Samtools_mqc-generalstats-samtools-reads_mapped": 3645813.0,
                "Samtools_mqc-generalstats-samtools-reads_mapped_percent": 91.145325,
                "Samtools_mqc-generalstats-samtools-reads_properly_paired_percent": 85.90795,
                "Samtools_mqc-generalstats-samtools-reads_MQ0_percent": 3.7535,
                "Samtools_mqc-generalstats-samtools-raw_total_sequences": 4000000.0
            },
            "QG0049-C": {
                "Samtools_mqc-generalstats-samtools-flagstat_total": 4059871,
                "Samtools_mqc-generalstats-samtools-mapped_passed": 2656916,
                "Samtools_mqc-generalstats-samtools-error_rate": 0.009972969,
                "Samtools_mqc-generalstats-samtools-non_primary_alignments": 0.0,
                "Samtools_mqc-generalstats-samtools-reads_mapped": 2597045.0,
                "Samtools_mqc-generalstats-samtools-reads_mapped_percent": 64.926125,
                "Samtools_mqc-generalstats-samtools-reads_properly_paired_percent": 58.2371,
                "Samtools_mqc-generalstats-samtools-reads_MQ0_percent": 4.08825,
                "Samtools_mqc-generalstats-samtools-raw_total_sequences": 4000000.0
            },
            "QG0056-C": {
                "Samtools_mqc-generalstats-samtools-flagstat_total": 4052328,
                "Samtools_mqc-generalstats-samtools-mapped_passed": 3944197,
                "Samtools_mqc-generalstats-samtools-error_rate": 0.008224085,
                "Samtools_mqc-generalstats-samtools-non_primary_alignments": 0.0,
                "Samtools_mqc-generalstats-samtools-reads_mapped": 3891869.0,
                "Samtools_mqc-generalstats-samtools-reads_mapped_percent": 97.296725,
                "Samtools_mqc-generalstats-samtools-reads_properly_paired_percent": 91.4201,
                "Samtools_mqc-generalstats-samtools-reads_MQ0_percent": 4.1674500000000005,
                "Samtools_mqc-generalstats-samtools-raw_total_sequences": 4000000.0
            },
            "QG0088-C": {
                "Samtools_mqc-generalstats-samtools-flagstat_total": 4035334,
                "Samtools_mqc-generalstats-samtools-mapped_passed": 2118039,
                "Samtools_mqc-generalstats-samtools-error_rate": 0.008627096,
                "Samtools_mqc-generalstats-samtools-non_primary_alignments": 0.0,
                "Samtools_mqc-generalstats-samtools-reads_mapped": 2082705.0,
                "Samtools_mqc-generalstats-samtools-reads_mapped_percent": 52.06762499999999,
                "Samtools_mqc-generalstats-samtools-reads_properly_paired_percent": 48.6106,
                "Samtools_mqc-generalstats-samtools-reads_MQ0_percent": 2.546525,
                "Samtools_mqc-generalstats-samtools-raw_total_sequences": 4000000.0
            }
        }
    },
    "config_analysis_dir_abs": [
        "/Users/gav/Projects/Teaching/GMS/statistics-course/Next_Generation_Sequencing/practicals/ngs_processing_pipeline/solutions/results/stats/QG0033-C.stats.txt",
        "/Users/gav/Projects/Teaching/GMS/statistics-course/Next_Generation_Sequencing/practicals/ngs_processing_pipeline/solutions/results/stats/QG0041-C.stats.txt",
        "/Users/gav/Projects/Teaching/GMS/statistics-course/Next_Generation_Sequencing/practicals/ngs_processing_pipeline/solutions/results/stats/QG0049-C.stats.txt",
        "/Users/gav/Projects/Teaching/GMS/statistics-course/Next_Generation_Sequencing/practicals/ngs_processing_pipeline/solutions/results/stats/QG0056-C.stats.txt",
        "/Users/gav/Projects/Teaching/GMS/statistics-course/Next_Generation_Sequencing/practicals/ngs_processing_pipeline/solutions/results/stats/QG0088-C.stats.txt",
        "/Users/gav/Projects/Teaching/GMS/statistics-course/Next_Generation_Sequencing/practicals/ngs_processing_pipeline/solutions/results/stats/QG0033-C.flagstats.txt",
        "/Users/gav/Projects/Teaching/GMS/statistics-course/Next_Generation_Sequencing/practicals/ngs_processing_pipeline/solutions/results/stats/QG0041-C.flagstats.txt",
        "/Users/gav/Projects/Teaching/GMS/statistics-course/Next_Generation_Sequencing/practicals/ngs_processing_pipeline/solutions/results/stats/QG0049-C.flagstats.txt",
        "/Users/gav/Projects/Teaching/GMS/statistics-course/Next_Generation_Sequencing/practicals/ngs_processing_pipeline/solutions/results/stats/QG0056-C.flagstats.txt",
        "/Users/gav/Projects/Teaching/GMS/statistics-course/Next_Generation_Sequencing/practicals/ngs_processing_pipeline/solutions/results/stats/QG0088-C.flagstats.txt"
    ],
    "config_analysis_dir": [
        "/Users/gav/Projects/Teaching/GMS/statistics-course/Next_Generation_Sequencing/practicals/ngs_processing_pipeline/solutions/results/stats/QG0033-C.stats.txt",
        "/Users/gav/Projects/Teaching/GMS/statistics-course/Next_Generation_Sequencing/practicals/ngs_processing_pipeline/solutions/results/stats/QG0041-C.stats.txt",
        "/Users/gav/Projects/Teaching/GMS/statistics-course/Next_Generation_Sequencing/practicals/ngs_processing_pipeline/solutions/results/stats/QG0049-C.stats.txt",
        "/Users/gav/Projects/Teaching/GMS/statistics-course/Next_Generation_Sequencing/practicals/ngs_processing_pipeline/solutions/results/stats/QG0056-C.stats.txt",
        "/Users/gav/Projects/Teaching/GMS/statistics-course/Next_Generation_Sequencing/practicals/ngs_processing_pipeline/solutions/results/stats/QG0088-C.stats.txt",
        "/Users/gav/Projects/Teaching/GMS/statistics-course/Next_Generation_Sequencing/practicals/ngs_processing_pipeline/solutions/results/stats/QG0033-C.flagstats.txt",
        "/Users/gav/Projects/Teaching/GMS/statistics-course/Next_Generation_Sequencing/practicals/ngs_processing_pipeline/solutions/results/stats/QG0041-C.flagstats.txt",
        "/Users/gav/Projects/Teaching/GMS/statistics-course/Next_Generation_Sequencing/practicals/ngs_processing_pipeline/solutions/results/stats/QG0049-C.flagstats.txt",
        "/Users/gav/Projects/Teaching/GMS/statistics-course/Next_Generation_Sequencing/practicals/ngs_processing_pipeline/solutions/results/stats/QG0056-C.flagstats.txt",
        "/Users/gav/Projects/Teaching/GMS/statistics-course/Next_Generation_Sequencing/practicals/ngs_processing_pipeline/solutions/results/stats/QG0088-C.flagstats.txt"
    ],
    "config_creation_date": "2021-11-01, 22:55",
    "config_git_hash": null,
    "config_intro_text": null,
    "config_report_comment": null,
    "config_report_header_info": null,
    "config_script_path": "/opt/miniconda3/lib/python3.9/site-packages/multiqc/utils",
    "config_short_version": "1.11",
    "config_subtitle": null,
    "config_title": "post_alignment",
    "config_version": "1.11"
}
